episode,return,steps,success,illegal,efficiency,illegal_ratio
0,-488.0,200,0,32,0.06,0.16
1,-578.0,200,0,42,0.06,0.21
2,-578.0,200,0,42,0.06,0.21
3,-659.0,200,0,51,0.06,0.255
4,-560.0,200,0,40,0.06,0.2
5,-560.0,200,0,40,0.06,0.2
6,-578.0,200,0,42,0.06,0.21
7,-578.0,200,0,42,0.06,0.21
8,-560.0,200,0,40,0.06,0.2
9,-578.0,200,0,42,0.06,0.21
10,-596.0,200,0,44,0.06,0.22
11,-533.0,200,0,37,0.06,0.185
12,-623.0,200,0,47,0.06,0.235
13,-506.0,200,0,34,0.06,0.17
14,-533.0,200,0,37,0.06,0.185
15,-596.0,200,0,44,0.06,0.22
16,-686.0,200,0,54,0.06,0.27
17,-515.0,200,0,35,0.06,0.175
18,-650.0,200,0,50,0.06,0.25
19,-560.0,200,0,40,0.06,0.2
20,-452.0,200,0,28,0.06,0.14
21,-641.0,200,0,49,0.06,0.245
22,-542.0,200,0,38,0.06,0.19
23,-569.0,200,0,41,0.06,0.205
24,-533.0,200,0,37,0.06,0.185
25,-560.0,200,0,40,0.06,0.2
26,-434.0,200,0,26,0.06,0.13
27,-524.0,200,0,36,0.06,0.18
28,-452.0,200,0,28,0.06,0.14
29,-524.0,200,0,36,0.06,0.18
30,-542.0,200,0,38,0.06,0.19
31,-611.0,200,1,48,0.06,0.24
32,-416.0,200,0,24,0.06,0.12
33,-596.0,200,0,44,0.06,0.22
34,-144.0,75,1,10,0.16,0.13333333333333333
35,-623.0,200,0,47,0.06,0.235
36,-533.0,200,0,37,0.06,0.185
37,-614.0,200,0,46,0.06,0.23
38,-587.0,200,0,43,0.06,0.215
39,-587.0,200,0,43,0.06,0.215
40,-587.0,200,0,43,0.06,0.215
41,-515.0,200,0,35,0.06,0.175
42,-686.0,200,0,54,0.06,0.27
43,-560.0,200,0,40,0.06,0.2
44,-335.0,200,0,15,0.06,0.075
45,-434.0,200,0,26,0.06,0.13
46,-325.0,121,1,25,0.09917355371900827,0.2066115702479339
47,-488.0,200,0,32,0.06,0.16
48,-299.0,200,0,11,0.06,0.055
49,-497.0,200,0,33,0.06,0.165
50,-488.0,200,0,32,0.06,0.16
51,-587.0,200,0,43,0.06,0.215
52,-578.0,200,0,42,0.06,0.21
53,-524.0,200,0,36,0.06,0.18
54,-426.0,150,1,33,0.08,0.22
55,-596.0,200,0,44,0.06,0.22
56,-416.0,200,0,24,0.06,0.12
57,-497.0,200,0,33,0.06,0.165
58,-494.0,173,1,38,0.06936416184971098,0.21965317919075145
59,-389.0,200,0,21,0.06,0.105
60,-623.0,200,0,47,0.06,0.235
61,-614.0,200,0,46,0.06,0.23
62,-236.0,200,0,4,0.06,0.02
63,-272.0,200,0,8,0.06,0.04
64,-299.0,200,0,11,0.06,0.055
65,-650.0,200,0,50,0.06,0.25
66,-263.0,200,0,7,0.06,0.035
67,-299.0,200,0,11,0.06,0.055
68,-227.0,200,0,3,0.06,0.015
69,-614.0,200,0,46,0.06,0.23
70,-488.0,200,0,32,0.06,0.16
71,-659.0,200,0,51,0.06,0.255
72,-587.0,200,0,43,0.06,0.215
73,-317.0,200,0,13,0.06,0.065
74,-290.0,200,0,10,0.06,0.05
75,-398.0,200,0,22,0.06,0.11
76,-506.0,200,0,34,0.06,0.17
77,-123.0,63,1,9,0.19047619047619047,0.14285714285714285
78,-254.0,200,0,6,0.06,0.03
79,-605.0,200,0,45,0.06,0.225
80,-217.0,85,1,17,0.1411764705882353,0.2
81,-452.0,200,0,28,0.06,0.14
82,-263.0,200,0,7,0.06,0.035
83,-407.0,200,0,23,0.06,0.115
84,-434.0,200,0,26,0.06,0.13
85,-218.0,200,0,2,0.06,0.01
86,-569.0,200,0,41,0.06,0.205
87,-281.0,200,0,9,0.06,0.045
88,-281.0,200,0,9,0.06,0.045
89,-317.0,200,0,13,0.06,0.065
90,-221.0,107,1,15,0.11214953271028037,0.14018691588785046
91,-371.0,200,0,19,0.06,0.095
92,-470.0,200,0,30,0.06,0.15
93,-524.0,200,0,36,0.06,0.18
94,-317.0,200,0,13,0.06,0.065
95,-677.0,200,0,53,0.06,0.265
96,-407.0,200,0,23,0.06,0.115
97,-419.0,161,1,31,0.07453416149068323,0.19254658385093168
98,-380.0,200,0,20,0.06,0.1
99,-281.0,200,0,9,0.06,0.045
100,-245.0,200,0,5,0.06,0.025
101,-245.0,200,0,5,0.06,0.025
102,-277.0,172,1,14,0.06976744186046512,0.08139534883720931
103,-380.0,200,0,20,0.06,0.1
104,-381.0,186,1,24,0.06451612903225806,0.12903225806451613
105,-461.0,200,0,29,0.06,0.145
106,-245.0,200,0,5,0.06,0.025
107,-254.0,200,0,6,0.06,0.03
108,-16.0,37,1,0,0.32432432432432434,0.0
109,-281.0,200,0,9,0.06,0.045
110,-578.0,200,0,42,0.06,0.21
111,-317.0,200,0,13,0.06,0.065
112,-339.0,153,1,23,0.0784313725490196,0.1503267973856209
113,-254.0,200,0,6,0.06,0.03
114,-149.0,62,1,12,0.1935483870967742,0.1935483870967742
115,-245.0,200,0,5,0.06,0.025
116,-281.0,200,0,9,0.06,0.045
117,-413.0,182,1,28,0.06593406593406594,0.15384615384615385
118,-236.0,200,0,4,0.06,0.02
119,-290.0,200,0,10,0.06,0.05
120,-236.0,200,0,4,0.06,0.02
121,-245.0,200,0,5,0.06,0.025
122,-254.0,200,0,6,0.06,0.03
123,-254.0,200,0,6,0.06,0.03
124,-263.0,200,0,7,0.06,0.035
125,-230.0,188,1,7,0.06382978723404255,0.03723404255319149
126,-218.0,200,0,2,0.06,0.01
127,-263.0,200,0,7,0.06,0.035
128,-263.0,200,0,7,0.06,0.035
129,-272.0,200,0,8,0.06,0.04
130,-71.0,56,1,4,0.21428571428571427,0.07142857142857142
131,-227.0,200,0,3,0.06,0.015
132,-236.0,200,0,4,0.06,0.02
133,-263.0,200,0,7,0.06,0.035
134,-326.0,200,0,14,0.06,0.07
135,-263.0,200,0,7,0.06,0.035
136,-236.0,200,0,4,0.06,0.02
137,-236.0,200,0,4,0.06,0.02
138,-263.0,200,0,7,0.06,0.035
139,-218.0,200,0,2,0.06,0.01
140,-281.0,200,0,9,0.06,0.045
141,-165.0,123,1,7,0.0975609756097561,0.056910569105691054
142,-317.0,200,0,13,0.06,0.065
143,-344.0,200,0,16,0.06,0.08
144,-245.0,200,0,5,0.06,0.025
145,-263.0,200,0,7,0.06,0.035
146,-272.0,200,0,8,0.06,0.04
147,-254.0,200,0,6,0.06,0.03
148,-227.0,200,0,3,0.06,0.015
149,-245.0,200,0,5,0.06,0.025
150,-291.0,150,1,18,0.08,0.12
151,-263.0,200,0,7,0.06,0.035
152,-281.0,200,0,9,0.06,0.045
153,-208.0,184,1,5,0.06521739130434782,0.02717391304347826
154,-254.0,200,0,6,0.06,0.03
155,-245.0,200,0,5,0.06,0.025
156,-87.0,108,1,0,0.1111111111111111,0.0
157,-326.0,200,0,14,0.06,0.07
158,-326.0,200,0,14,0.06,0.07
159,-254.0,200,0,6,0.06,0.03
160,-209.0,200,0,1,0.06,0.005
161,-263.0,200,0,7,0.06,0.035
162,-117.0,102,1,4,0.11764705882352941,0.0392156862745098
163,-236.0,200,0,4,0.06,0.02
164,-218.0,200,0,2,0.06,0.01
165,-290.0,200,0,10,0.06,0.05
166,-83.0,50,1,6,0.24,0.12
167,-254.0,200,0,6,0.06,0.03
168,-272.0,200,0,8,0.06,0.04
169,-272.0,200,0,8,0.06,0.04
170,-80.0,83,1,2,0.14457831325301204,0.024096385542168676
171,-281.0,200,0,9,0.06,0.045
172,-254.0,200,0,6,0.06,0.03
173,-227.0,176,1,8,0.06818181818181818,0.045454545454545456
174,-218.0,200,0,2,0.06,0.01
175,-299.0,200,0,11,0.06,0.055
176,-254.0,200,0,6,0.06,0.03
177,-290.0,200,0,10,0.06,0.05
178,-290.0,200,0,10,0.06,0.05
179,-236.0,200,0,4,0.06,0.02
180,-335.0,200,0,15,0.06,0.075
181,-263.0,200,0,7,0.06,0.035
182,-308.0,200,0,12,0.06,0.06
183,-263.0,200,0,7,0.06,0.035
184,-245.0,200,0,5,0.06,0.025
185,-245.0,200,0,5,0.06,0.025
186,-78.0,81,1,2,0.14814814814814814,0.024691358024691357
187,-218.0,200,0,2,0.06,0.01
188,-263.0,200,0,7,0.06,0.035
189,-281.0,200,0,9,0.06,0.045
190,-232.0,127,1,14,0.09448818897637795,0.11023622047244094
191,-254.0,200,0,6,0.06,0.03
192,-196.0,136,1,9,0.08823529411764706,0.0661764705882353
193,-45.0,57,1,1,0.21052631578947367,0.017543859649122806
194,-254.0,200,0,6,0.06,0.03
195,-254.0,200,0,6,0.06,0.03
196,-254.0,200,0,6,0.06,0.03
197,-245.0,200,0,5,0.06,0.025
198,-263.0,200,0,7,0.06,0.035
199,-227.0,200,0,3,0.06,0.015
200,-254.0,200,0,6,0.06,0.03
201,-227.0,200,0,3,0.06,0.015
202,-183.0,159,1,5,0.07547169811320754,0.031446540880503145
203,-308.0,200,0,12,0.06,0.06
204,-232.0,163,1,10,0.0736196319018405,0.06134969325153374
205,-227.0,200,0,3,0.06,0.015
206,-254.0,200,0,6,0.06,0.03
207,-281.0,200,0,9,0.06,0.045
208,-72.0,57,1,4,0.21052631578947367,0.07017543859649122
209,-218.0,200,0,2,0.06,0.01
210,-281.0,200,0,9,0.06,0.045
211,-263.0,200,0,7,0.06,0.035
212,-108.0,120,1,1,0.1,0.008333333333333333
213,-109.0,76,1,6,0.15789473684210525,0.07894736842105263
214,-236.0,200,0,4,0.06,0.02
215,-263.0,200,0,7,0.06,0.035
216,-263.0,200,0,7,0.06,0.035
217,-272.0,200,0,8,0.06,0.04
218,-254.0,200,0,6,0.06,0.03
219,-263.0,200,0,7,0.06,0.035
220,-254.0,200,0,6,0.06,0.03
221,-207.0,183,1,5,0.06557377049180328,0.0273224043715847
222,-254.0,200,0,6,0.06,0.03
223,-236.0,200,0,4,0.06,0.02
224,-254.0,200,0,6,0.06,0.03
225,-299.0,200,0,11,0.06,0.055
226,-290.0,200,0,10,0.06,0.05
227,-254.0,200,0,6,0.06,0.03
228,-290.0,200,0,10,0.06,0.05
229,-227.0,200,0,3,0.06,0.015
230,-43.0,55,1,1,0.21818181818181817,0.01818181818181818
231,-73.0,67,1,3,0.1791044776119403,0.04477611940298507
232,-290.0,200,0,10,0.06,0.05
233,-254.0,200,0,6,0.06,0.03
234,-146.0,113,1,6,0.10619469026548672,0.05309734513274336
235,-290.0,200,0,10,0.06,0.05
236,-227.0,200,0,3,0.06,0.015
237,-263.0,200,0,7,0.06,0.035
238,-281.0,200,0,9,0.06,0.045
239,-263.0,200,0,7,0.06,0.035
240,-263.0,200,0,7,0.06,0.035
241,-109.0,112,1,2,0.10714285714285714,0.017857142857142856
242,-299.0,200,0,11,0.06,0.055
243,-245.0,200,0,5,0.06,0.025
244,-236.0,200,0,4,0.06,0.02
245,-263.0,200,0,7,0.06,0.035
246,-83.0,77,1,3,0.15584415584415584,0.03896103896103896
247,-195.0,162,1,6,0.07407407407407407,0.037037037037037035
248,-254.0,200,0,6,0.06,0.03
249,-281.0,200,0,9,0.06,0.045
250,-272.0,200,0,8,0.06,0.04
251,-180.0,156,1,5,0.07692307692307693,0.03205128205128205
252,-290.0,200,0,10,0.06,0.05
253,-230.0,170,1,9,0.07058823529411765,0.052941176470588235
254,-263.0,200,0,7,0.06,0.035
255,-202.0,196,1,3,0.061224489795918366,0.015306122448979591
256,-236.0,200,0,4,0.06,0.02
257,-18.0,39,1,0,0.3076923076923077,0.0
258,-317.0,200,0,13,0.06,0.065
259,-272.0,200,0,8,0.06,0.04
260,-254.0,200,0,6,0.06,0.03
261,-344.0,200,0,16,0.06,0.08
262,-245.0,200,0,5,0.06,0.025
263,-227.0,200,0,3,0.06,0.015
264,-254.0,200,0,6,0.06,0.03
265,-272.0,200,0,8,0.06,0.04
266,-281.0,200,0,9,0.06,0.045
267,-308.0,200,0,12,0.06,0.06
268,-245.0,200,0,5,0.06,0.025
269,-344.0,200,0,16,0.06,0.08
270,-236.0,200,0,4,0.06,0.02
271,-263.0,200,0,7,0.06,0.035
272,-254.0,200,0,6,0.06,0.03
273,-281.0,200,0,9,0.06,0.045
274,-67.0,79,1,1,0.1518987341772152,0.012658227848101266
275,-188.0,146,1,7,0.0821917808219178,0.04794520547945205
276,-236.0,200,0,4,0.06,0.02
277,-425.0,200,0,25,0.06,0.125
278,-560.0,200,0,40,0.06,0.2
279,-263.0,200,0,7,0.06,0.035
280,-299.0,200,0,11,0.06,0.055
281,-245.0,200,0,5,0.06,0.025
282,-254.0,200,0,6,0.06,0.03
283,-272.0,200,0,8,0.06,0.04
284,-227.0,200,0,3,0.06,0.015
285,-272.0,200,0,8,0.06,0.04
286,-162.0,111,1,8,0.10810810810810811,0.07207207207207207
287,-194.0,179,1,4,0.0670391061452514,0.0223463687150838
288,-245.0,200,0,5,0.06,0.025
289,-281.0,200,0,9,0.06,0.045
290,-389.0,200,0,21,0.06,0.105
291,-299.0,200,0,11,0.06,0.055
292,-245.0,200,0,5,0.06,0.025
293,-290.0,200,0,10,0.06,0.05
294,-281.0,200,0,9,0.06,0.045
295,-272.0,200,0,8,0.06,0.04
296,-263.0,200,0,7,0.06,0.035
297,-389.0,200,0,21,0.06,0.105
298,-76.0,97,1,0,0.12371134020618557,0.0
299,-398.0,200,0,22,0.06,0.11
300,-398.0,200,0,22,0.06,0.11
301,-569.0,200,0,41,0.06,0.205
302,-33.0,45,1,1,0.26666666666666666,0.022222222222222223
303,-272.0,200,0,8,0.06,0.04
304,-308.0,200,0,12,0.06,0.06
305,-443.0,200,0,27,0.06,0.135
306,-326.0,200,0,14,0.06,0.07
307,-167.0,134,1,6,0.08955223880597014,0.04477611940298507
308,-92.0,95,1,2,0.12631578947368421,0.021052631578947368
309,-254.0,200,0,6,0.06,0.03
310,-371.0,200,0,19,0.06,0.095
311,-344.0,200,0,16,0.06,0.08
312,-254.0,200,0,6,0.06,0.03
313,-224.0,191,1,6,0.06282722513089005,0.031413612565445025
314,-488.0,200,0,32,0.06,0.16
315,-497.0,200,0,33,0.06,0.165
316,-132.0,90,1,7,0.13333333333333333,0.07777777777777778
317,-6.0,27,1,0,0.4444444444444444,0.0
318,-245.0,200,0,5,0.06,0.025
319,-272.0,200,0,8,0.06,0.04
320,-317.0,200,0,13,0.06,0.065
321,-461.0,200,0,29,0.06,0.145
322,-304.0,190,1,15,0.06315789473684211,0.07894736842105263
323,-207.0,192,1,4,0.0625,0.020833333333333332
324,-251.0,146,1,14,0.0821917808219178,0.0958904109589041
325,-299.0,200,0,11,0.06,0.055
326,-308.0,200,0,12,0.06,0.06
327,-344.0,200,0,16,0.06,0.08
328,-317.0,200,0,13,0.06,0.065
329,-57.0,51,1,3,0.23529411764705882,0.058823529411764705
330,-288.0,165,1,16,0.07272727272727272,0.09696969696969697
331,-191.0,113,1,11,0.10619469026548672,0.09734513274336283
332,-317.0,200,0,13,0.06,0.065
333,-221.0,125,1,13,0.096,0.104
334,-236.0,200,0,4,0.06,0.02
335,-210.0,186,1,5,0.06451612903225806,0.026881720430107527
336,-317.0,200,0,13,0.06,0.065
337,-353.0,200,0,17,0.06,0.085
338,-234.0,174,1,9,0.06896551724137931,0.05172413793103448
339,-227.0,200,0,3,0.06,0.015
340,-317.0,200,0,13,0.06,0.065
341,-371.0,200,0,19,0.06,0.095
342,-256.0,187,1,10,0.06417112299465241,0.053475935828877004
343,-190.0,148,1,7,0.08108108108108109,0.0472972972972973
344,-290.0,200,0,10,0.06,0.05
345,-281.0,200,0,9,0.06,0.045
346,-281.0,200,0,9,0.06,0.045
347,-82.0,94,1,1,0.1276595744680851,0.010638297872340425
348,-206.0,146,1,9,0.0821917808219178,0.06164383561643835
349,-45.0,57,1,1,0.21052631578947367,0.017543859649122806
350,-263.0,200,0,7,0.06,0.035
351,-371.0,200,0,19,0.06,0.095
352,4.0,17,1,0,0.7058823529411765,0.0
353,-245.0,200,0,5,0.06,0.025
354,-353.0,200,0,17,0.06,0.085
355,-371.0,200,0,19,0.06,0.095
356,-155.0,131,1,5,0.0916030534351145,0.03816793893129771
357,-194.0,134,1,9,0.08955223880597014,0.06716417910447761
358,-380.0,200,0,20,0.06,0.1
359,-335.0,200,0,15,0.06,0.075
360,-308.0,200,0,12,0.06,0.06
361,-34.0,28,1,3,0.42857142857142855,0.10714285714285714
362,-281.0,200,0,9,0.06,0.045
363,-353.0,200,0,17,0.06,0.085
364,-551.0,200,0,39,0.06,0.195
365,-416.0,200,0,24,0.06,0.12
366,-299.0,200,0,11,0.06,0.055
367,-353.0,185,1,21,0.06486486486486487,0.11351351351351352
368,-299.0,200,0,11,0.06,0.055
369,-86.0,80,1,3,0.15,0.0375
370,-335.0,200,0,15,0.06,0.075
371,-470.0,200,0,30,0.06,0.15
372,-578.0,200,0,42,0.06,0.21
373,-371.0,200,0,19,0.06,0.095
374,9.0,12,1,0,1.0,0.0
375,-425.0,200,0,25,0.06,0.125
376,-290.0,200,0,10,0.06,0.05
377,-371.0,200,0,19,0.06,0.095
378,-67.0,61,1,3,0.19672131147540983,0.04918032786885246
379,-389.0,200,0,21,0.06,0.105
380,-461.0,200,0,29,0.06,0.145
381,-205.0,127,1,11,0.09448818897637795,0.08661417322834646
382,-407.0,200,0,23,0.06,0.115
383,-416.0,200,0,24,0.06,0.12
384,-70.0,73,1,2,0.1643835616438356,0.0273972602739726
385,-434.0,200,0,26,0.06,0.13
386,-299.0,200,0,11,0.06,0.055
387,-272.0,200,0,8,0.06,0.04
388,-335.0,200,0,15,0.06,0.075
389,-326.0,200,0,14,0.06,0.07
390,-299.0,200,0,11,0.06,0.055
391,-515.0,200,0,35,0.06,0.175
392,-214.0,181,1,6,0.06629834254143646,0.03314917127071823
393,-238.0,133,1,14,0.09022556390977443,0.10526315789473684
394,-254.0,200,0,6,0.06,0.03
395,-79.0,73,1,3,0.1643835616438356,0.0410958904109589
396,-70.0,46,1,5,0.2608695652173913,0.10869565217391304
397,-227.0,200,0,3,0.06,0.015
398,-185.0,152,1,6,0.07894736842105263,0.039473684210526314
399,-11.0,32,1,0,0.375,0.0
400,-168.0,126,1,7,0.09523809523809523,0.05555555555555555
401,-362.0,200,0,18,0.06,0.09
402,-290.0,200,0,10,0.06,0.05
403,-335.0,200,0,15,0.06,0.075
404,-353.0,200,0,17,0.06,0.085
405,-254.0,200,0,6,0.06,0.03
406,-227.0,200,0,3,0.06,0.015
407,-434.0,200,0,26,0.06,0.13
408,-224.0,182,1,7,0.06593406593406594,0.038461538461538464
409,-209.0,131,1,11,0.0916030534351145,0.08396946564885496
410,-272.0,200,0,8,0.06,0.04
411,-488.0,200,0,32,0.06,0.16
412,-290.0,200,0,10,0.06,0.05
413,-299.0,200,0,11,0.06,0.055
414,-371.0,200,0,19,0.06,0.095
415,-254.0,200,0,6,0.06,0.03
416,-124.0,118,1,3,0.1016949152542373,0.025423728813559324
417,-299.0,200,0,11,0.06,0.055
418,-227.0,200,0,3,0.06,0.015
419,-290.0,200,0,10,0.06,0.05
420,-281.0,200,0,9,0.06,0.045
421,-281.0,200,0,9,0.06,0.045
422,-130.0,97,1,6,0.12371134020618557,0.061855670103092786
423,-281.0,200,0,9,0.06,0.045
424,-245.0,200,0,5,0.06,0.025
425,-225.0,174,1,8,0.06896551724137931,0.04597701149425287
426,-254.0,200,0,6,0.06,0.03
427,-362.0,200,0,18,0.06,0.09
428,-33.0,45,1,1,0.26666666666666666,0.022222222222222223
429,-263.0,200,0,7,0.06,0.035
430,-290.0,200,0,10,0.06,0.05
431,-240.0,189,1,8,0.06349206349206349,0.042328042328042326
432,-93.0,105,1,1,0.11428571428571428,0.009523809523809525
433,-68.0,53,1,4,0.22641509433962265,0.07547169811320754
434,-254.0,200,0,6,0.06,0.03
435,-254.0,200,0,6,0.06,0.03
436,-299.0,200,0,11,0.06,0.055
437,-104.0,80,1,5,0.15,0.0625
438,-98.0,92,1,3,0.13043478260869565,0.03260869565217391
439,-108.0,84,1,5,0.14285714285714285,0.05952380952380952
440,-196.0,154,1,7,0.07792207792207792,0.045454545454545456
441,-308.0,200,0,12,0.06,0.06
442,-272.0,200,0,8,0.06,0.04
443,-101.0,95,1,3,0.12631578947368421,0.031578947368421054
444,-362.0,200,0,18,0.06,0.09
445,-290.0,200,0,10,0.06,0.05
446,-254.0,200,0,6,0.06,0.03
447,-281.0,200,0,9,0.06,0.045
448,-72.0,75,1,2,0.16,0.02666666666666667
449,-254.0,200,0,6,0.06,0.03
450,-245.0,200,0,5,0.06,0.025
451,-308.0,200,0,12,0.06,0.06
452,-125.0,110,1,4,0.10909090909090909,0.03636363636363636
453,-245.0,200,0,5,0.06,0.025
454,-162.0,120,1,7,0.1,0.058333333333333334
455,-272.0,200,0,8,0.06,0.04
456,-69.0,72,1,2,0.16666666666666666,0.027777777777777776
457,-254.0,200,0,6,0.06,0.03
458,-236.0,200,0,4,0.06,0.02
459,-165.0,123,1,7,0.0975609756097561,0.056910569105691054
460,-223.0,136,1,12,0.08823529411764706,0.08823529411764706
461,-299.0,200,0,11,0.06,0.055
462,-161.0,137,1,5,0.08759124087591241,0.0364963503649635
463,-23.0,35,1,1,0.34285714285714286,0.02857142857142857
464,-169.0,136,1,6,0.08823529411764706,0.04411764705882353
465,-131.0,116,1,4,0.10344827586206896,0.034482758620689655
466,-254.0,200,0,6,0.06,0.03
467,6.0,15,1,0,0.8,0.0
468,-236.0,200,0,4,0.06,0.02
469,-227.0,200,0,3,0.06,0.015
470,-335.0,200,0,15,0.06,0.075
471,-263.0,200,0,7,0.06,0.035
472,-127.0,121,1,3,0.09917355371900827,0.024793388429752067
473,-416.0,200,0,24,0.06,0.12
474,-272.0,200,0,8,0.06,0.04
475,-254.0,200,0,6,0.06,0.03
476,-272.0,200,0,8,0.06,0.04
477,-272.0,200,0,8,0.06,0.04
478,-434.0,200,0,26,0.06,0.13
479,-263.0,200,0,7,0.06,0.035
480,-317.0,200,0,13,0.06,0.065
481,-57.0,69,1,1,0.17391304347826086,0.014492753623188406
482,-247.0,196,1,8,0.061224489795918366,0.04081632653061224
483,-263.0,200,0,7,0.06,0.035
484,-119.0,122,1,2,0.09836065573770492,0.01639344262295082
485,-254.0,200,0,6,0.06,0.03
486,-87.0,99,1,1,0.12121212121212122,0.010101010101010102
487,-247.0,169,1,11,0.07100591715976332,0.0650887573964497
488,-263.0,200,0,7,0.06,0.035
489,-362.0,200,0,18,0.06,0.09
490,-126.0,66,1,9,0.18181818181818182,0.13636363636363635
491,-40.0,52,1,1,0.23076923076923078,0.019230769230769232
492,-254.0,200,0,6,0.06,0.03
493,-227.0,200,0,3,0.06,0.015
494,-122.0,98,1,5,0.12244897959183673,0.05102040816326531
495,-281.0,200,0,9,0.06,0.045
496,-16.0,37,1,0,0.32432432432432434,0.0
497,-245.0,200,0,5,0.06,0.025
498,-236.0,200,0,4,0.06,0.02
499,-224.0,191,1,6,0.06282722513089005,0.031413612565445025
500,-124.0,109,1,4,0.11009174311926606,0.03669724770642202
501,-152.0,146,1,3,0.0821917808219178,0.02054794520547945
502,-254.0,200,0,6,0.06,0.03
503,-245.0,200,0,5,0.06,0.025
504,-174.0,150,1,5,0.08,0.03333333333333333
505,-164.0,140,1,5,0.08571428571428572,0.03571428571428571
506,-45.0,39,1,3,0.3076923076923077,0.07692307692307693
507,-175.0,151,1,5,0.07947019867549669,0.033112582781456956
508,-308.0,200,0,12,0.06,0.06
509,-281.0,200,0,9,0.06,0.045
510,-254.0,200,0,6,0.06,0.03
511,-236.0,200,0,4,0.06,0.02
512,-88.0,64,1,5,0.1875,0.078125
513,-245.0,200,0,5,0.06,0.025
514,-272.0,200,0,8,0.06,0.04
515,-56.0,77,1,0,0.15584415584415584,0.0
516,-235.0,184,1,8,0.06521739130434782,0.043478260869565216
517,-49.0,52,1,2,0.23076923076923078,0.038461538461538464
518,-254.0,200,0,6,0.06,0.03
519,-281.0,200,0,9,0.06,0.045
520,-263.0,200,0,7,0.06,0.035
521,-175.0,151,1,5,0.07947019867549669,0.033112582781456956
522,-35.0,38,1,2,0.3157894736842105,0.05263157894736842
523,-416.0,200,0,24,0.06,0.12
524,-353.0,200,0,17,0.06,0.085
525,-290.0,200,0,10,0.06,0.05
526,-353.0,200,0,17,0.06,0.085
527,-104.0,80,1,5,0.15,0.0625
528,-263.0,200,0,7,0.06,0.035
529,-281.0,200,0,9,0.06,0.045
530,-272.0,200,0,8,0.06,0.04
531,-263.0,200,0,7,0.06,0.035
532,-236.0,200,0,4,0.06,0.02
533,-236.0,200,0,4,0.06,0.02
534,-152.0,110,1,7,0.10909090909090909,0.06363636363636363
535,-215.0,173,1,7,0.06936416184971098,0.04046242774566474
536,-118.0,94,1,5,0.1276595744680851,0.05319148936170213
537,-111.0,96,1,4,0.125,0.041666666666666664
538,-1.0,22,1,0,0.5454545454545454,0.0
539,-263.0,200,0,7,0.06,0.035
540,-263.0,200,0,7,0.06,0.035
541,-263.0,200,0,7,0.06,0.035
542,-254.0,200,0,6,0.06,0.03
543,-263.0,200,0,7,0.06,0.035
544,9.0,12,1,0,1.0,0.0
545,-63.0,75,1,1,0.16,0.013333333333333334
546,-227.0,200,0,3,0.06,0.015
547,-129.0,105,1,5,0.11428571428571428,0.047619047619047616
548,-254.0,200,0,6,0.06,0.03
549,-141.0,108,1,6,0.1111111111111111,0.05555555555555555
550,-232.0,172,1,9,0.06976744186046512,0.05232558139534884
551,-105.0,108,1,2,0.1111111111111111,0.018518518518518517
552,-272.0,200,0,8,0.06,0.04
553,-254.0,200,0,6,0.06,0.03
554,-19.0,40,1,0,0.3,0.0
555,-126.0,66,1,9,0.18181818181818182,0.13636363636363635
556,-308.0,200,0,12,0.06,0.06
557,-276.0,189,1,12,0.06349206349206349,0.06349206349206349
558,-263.0,200,0,7,0.06,0.035
559,-68.0,53,1,4,0.22641509433962265,0.07547169811320754
560,-308.0,200,0,12,0.06,0.06
561,-113.0,107,1,3,0.11214953271028037,0.028037383177570093
562,-206.0,128,1,11,0.09375,0.0859375
563,-254.0,200,0,6,0.06,0.03
564,-263.0,200,0,7,0.06,0.035
565,-281.0,200,0,9,0.06,0.045
566,-245.0,200,0,5,0.06,0.025
567,-308.0,200,0,12,0.06,0.06
568,-131.0,98,1,6,0.12244897959183673,0.061224489795918366
569,-259.0,190,1,10,0.06315789473684211,0.05263157894736842
570,-263.0,200,0,7,0.06,0.035
571,-353.0,200,0,17,0.06,0.085
572,-398.0,200,0,22,0.06,0.11
573,-34.0,46,1,1,0.2608695652173913,0.021739130434782608
574,-108.0,66,1,7,0.18181818181818182,0.10606060606060606
575,-142.0,109,1,6,0.11009174311926606,0.05504587155963303
576,-59.0,44,1,4,0.2727272727272727,0.09090909090909091
577,-362.0,200,0,18,0.06,0.09
578,-290.0,200,0,10,0.06,0.05
579,-398.0,200,0,22,0.06,0.11
580,-263.0,200,0,7,0.06,0.035
581,7.0,14,1,0,0.8571428571428571,0.0
582,-211.0,160,1,8,0.075,0.05
583,-54.0,48,1,3,0.25,0.0625
584,-102.0,114,1,1,0.10526315789473684,0.008771929824561403
585,-281.0,200,0,9,0.06,0.045
586,-245.0,200,0,5,0.06,0.025
587,-290.0,200,0,10,0.06,0.05
588,-185.0,161,1,5,0.07453416149068323,0.031055900621118012
589,-145.0,103,1,7,0.11650485436893204,0.06796116504854369
590,-308.0,200,0,12,0.06,0.06
591,-176.0,116,1,9,0.10344827586206896,0.07758620689655173
592,-236.0,200,0,4,0.06,0.02
593,-174.0,141,1,6,0.0851063829787234,0.0425531914893617
594,-47.0,50,1,2,0.24,0.04
595,-254.0,200,0,6,0.06,0.03
596,-168.0,126,1,7,0.09523809523809523,0.05555555555555555
597,-353.0,200,0,17,0.06,0.085
598,-416.0,200,0,24,0.06,0.12
599,-235.0,184,1,8,0.06521739130434782,0.043478260869565216
600,-254.0,200,0,6,0.06,0.03
601,-355.0,187,1,21,0.06417112299465241,0.11229946524064172
602,-101.0,104,1,2,0.11538461538461539,0.019230769230769232
603,-362.0,200,0,18,0.06,0.09
604,-254.0,200,0,6,0.06,0.03
605,-32.0,35,1,2,0.34285714285714286,0.05714285714285714
606,-263.0,200,0,7,0.06,0.035
607,-91.0,76,1,4,0.15789473684210525,0.05263157894736842
608,-272.0,200,0,8,0.06,0.04
609,-43.0,55,1,1,0.21818181818181817,0.01818181818181818
610,-75.0,51,1,5,0.23529411764705882,0.09803921568627451
611,-231.0,162,1,10,0.07407407407407407,0.06172839506172839
612,-107.0,110,1,2,0.10909090909090909,0.01818181818181818
613,-83.0,86,1,2,0.13953488372093023,0.023255813953488372
614,-102.0,96,1,3,0.125,0.03125
615,-116.0,92,1,5,0.13043478260869565,0.05434782608695652
616,-68.0,53,1,4,0.22641509433962265,0.07547169811320754
617,-281.0,200,0,9,0.06,0.045
618,-48.0,60,1,1,0.2,0.016666666666666666
619,-146.0,122,1,5,0.09836065573770492,0.040983606557377046
620,-87.0,90,1,2,0.13333333333333333,0.022222222222222223
621,-345.0,195,1,19,0.06153846153846154,0.09743589743589744
622,-74.0,59,1,4,0.2033898305084746,0.06779661016949153
623,-299.0,200,0,11,0.06,0.055
624,-162.0,120,1,7,0.1,0.058333333333333334
625,-344.0,200,0,16,0.06,0.08
626,-69.0,72,1,2,0.16666666666666666,0.027777777777777776
627,-167.0,116,1,8,0.10344827586206896,0.06896551724137931
628,-313.0,199,1,15,0.06030150753768844,0.07537688442211055
629,-344.0,200,0,16,0.06,0.08
630,-281.0,200,0,9,0.06,0.045
631,-35.0,29,1,3,0.41379310344827586,0.10344827586206896
632,-227.0,200,0,3,0.06,0.015
633,-227.0,200,0,3,0.06,0.015
634,-281.0,200,0,9,0.06,0.045
635,-290.0,200,0,10,0.06,0.05
636,-112.0,88,1,5,0.13636363636363635,0.056818181818181816
637,-380.0,200,0,20,0.06,0.1
638,-299.0,200,0,11,0.06,0.055
639,-252.0,183,1,10,0.06557377049180328,0.0546448087431694
640,-290.0,200,0,10,0.06,0.05
641,-60.0,63,1,2,0.19047619047619047,0.031746031746031744
642,14.0,7,1,0,1.0,0.0
643,-272.0,200,0,8,0.06,0.04
644,-335.0,200,0,15,0.06,0.075
645,-201.0,123,1,11,0.0975609756097561,0.08943089430894309
646,-112.0,88,1,5,0.13636363636363635,0.056818181818181816
647,-308.0,200,0,12,0.06,0.06
648,-58.0,52,1,3,0.23076923076923078,0.057692307692307696
649,-317.0,200,0,13,0.06,0.065
650,-335.0,200,0,15,0.06,0.075
651,-272.0,200,0,8,0.06,0.04
652,-47.0,50,1,2,0.24,0.04
653,-254.0,200,0,6,0.06,0.03
654,-290.0,200,0,10,0.06,0.05
655,-290.0,200,0,10,0.06,0.05
656,-416.0,200,0,24,0.06,0.12
657,-17.0,29,1,1,0.41379310344827586,0.034482758620689655
658,-111.0,105,1,3,0.11428571428571428,0.02857142857142857
659,-317.0,200,0,13,0.06,0.065
660,-335.0,200,0,15,0.06,0.075
661,-70.0,55,1,4,0.21818181818181817,0.07272727272727272
662,-158.0,134,1,5,0.08955223880597014,0.03731343283582089
663,-127.0,103,1,5,0.11650485436893204,0.04854368932038835
664,-290.0,200,0,10,0.06,0.05
665,-71.0,83,1,1,0.14457831325301204,0.012048192771084338
666,-335.0,200,0,15,0.06,0.075
667,-254.0,200,0,6,0.06,0.03
668,-92.0,86,1,3,0.13953488372093023,0.03488372093023256
669,-344.0,200,0,16,0.06,0.08
670,-203.0,179,1,5,0.0670391061452514,0.027932960893854747
671,-380.0,200,0,20,0.06,0.1
672,-139.0,133,1,3,0.09022556390977443,0.022556390977443608
673,-335.0,200,0,15,0.06,0.075
674,-189.0,165,1,5,0.07272727272727272,0.030303030303030304
675,-45.0,39,1,3,0.3076923076923077,0.07692307692307693
676,-263.0,200,0,7,0.06,0.035
677,-272.0,200,0,8,0.06,0.04
678,-120.0,87,1,6,0.13793103448275862,0.06896551724137931
679,-41.0,44,1,2,0.2727272727272727,0.045454545454545456
680,-69.0,72,1,2,0.16666666666666666,0.027777777777777776
681,-62.0,56,1,3,0.21428571428571427,0.05357142857142857
682,-371.0,200,0,19,0.06,0.095
683,-268.0,199,1,10,0.06030150753768844,0.05025125628140704
684,-67.0,43,1,5,0.27906976744186046,0.11627906976744186
685,-235.0,130,1,14,0.09230769230769231,0.1076923076923077
686,-335.0,200,0,15,0.06,0.075
687,-32.0,35,1,2,0.34285714285714286,0.05714285714285714
688,-141.0,135,1,3,0.08888888888888889,0.022222222222222223
689,-16.0,37,1,0,0.32432432432432434,0.0
690,-326.0,200,0,14,0.06,0.07
691,-52.0,46,1,3,0.2608695652173913,0.06521739130434782
692,-308.0,200,0,12,0.06,0.06
693,-162.0,84,1,11,0.14285714285714285,0.13095238095238096
694,-168.0,126,1,7,0.09523809523809523,0.05555555555555555
695,-43.0,55,1,1,0.21818181818181817,0.01818181818181818
696,-115.0,109,1,3,0.11009174311926606,0.027522935779816515
697,-36.0,48,1,1,0.25,0.020833333333333332
698,-37.0,49,1,1,0.24489795918367346,0.02040816326530612
699,-24.0,27,1,2,0.4444444444444444,0.07407407407407407
700,-281.0,200,0,9,0.06,0.045
701,-245.0,200,0,5,0.06,0.025
702,-6.0,27,1,0,0.4444444444444444,0.0
703,-38.0,32,1,3,0.375,0.09375
704,-227.0,200,0,3,0.06,0.015
705,-21.0,42,1,0,0.2857142857142857,0.0
706,-281.0,200,0,9,0.06,0.045
707,-18.0,30,1,1,0.4,0.03333333333333333
708,-272.0,200,0,8,0.06,0.04
709,-317.0,200,0,13,0.06,0.065
710,-211.0,97,1,15,0.12371134020618557,0.15463917525773196
711,-407.0,200,0,23,0.06,0.115
712,-235.0,193,1,7,0.06217616580310881,0.03626943005181347
713,-183.0,123,1,9,0.0975609756097561,0.07317073170731707
714,-211.0,196,1,4,0.061224489795918366,0.02040816326530612
715,-281.0,200,0,9,0.06,0.045
716,-187.0,172,1,4,0.06976744186046512,0.023255813953488372
717,-186.0,117,1,10,0.10256410256410256,0.08547008547008547
718,-299.0,167,1,17,0.0718562874251497,0.10179640718562874
719,-353.0,200,0,17,0.06,0.085
720,-39.0,51,1,1,0.23529411764705882,0.0196078431372549
721,10.0,11,1,0,1.0,0.0
722,-116.0,83,1,6,0.14457831325301204,0.07228915662650602
723,-149.0,125,1,5,0.096,0.04
724,-335.0,200,0,15,0.06,0.075
725,-87.0,72,1,4,0.16666666666666666,0.05555555555555555
726,-60.0,54,1,3,0.2222222222222222,0.05555555555555555
727,-416.0,200,0,24,0.06,0.12
728,-88.0,82,1,3,0.14634146341463414,0.036585365853658534
729,-227.0,200,0,3,0.06,0.015
730,-98.0,92,1,3,0.13043478260869565,0.03260869565217391
731,-194.0,134,1,9,0.08955223880597014,0.06716417910447761
732,-21.0,33,1,1,0.36363636363636365,0.030303030303030304
733,-42.0,45,1,2,0.26666666666666666,0.044444444444444446
734,-21.0,42,1,0,0.2857142857142857,0.0
735,-71.0,74,1,2,0.16216216216216217,0.02702702702702703
736,-290.0,200,0,10,0.06,0.05
737,-90.0,102,1,1,0.11764705882352941,0.00980392156862745
738,-289.0,184,1,14,0.06521739130434782,0.07608695652173914
739,-263.0,200,0,7,0.06,0.035
740,-175.0,169,1,3,0.07100591715976332,0.01775147928994083
741,-236.0,200,0,4,0.06,0.02
742,-335.0,200,0,15,0.06,0.075
743,-236.0,122,1,15,0.09836065573770492,0.12295081967213115
744,-56.0,50,1,3,0.24,0.06
745,-272.0,200,0,8,0.06,0.04
746,-165.0,123,1,7,0.0975609756097561,0.056910569105691054
747,-19.0,22,1,2,0.5454545454545454,0.09090909090909091
748,-272.0,200,0,8,0.06,0.04
749,-272.0,200,0,8,0.06,0.04
750,-290.0,200,0,10,0.06,0.05
751,-149.0,80,1,10,0.15,0.125
752,-125.0,119,1,3,0.10084033613445378,0.025210084033613446
753,-272.0,200,0,8,0.06,0.04
754,-192.0,78,1,15,0.15384615384615385,0.19230769230769232
755,-127.0,103,1,5,0.11650485436893204,0.04854368932038835
756,-93.0,114,1,0,0.10526315789473684,0.0
757,-155.0,167,1,1,0.0718562874251497,0.005988023952095809
758,-129.0,105,1,5,0.11428571428571428,0.047619047619047616
759,-290.0,200,0,10,0.06,0.05
760,-67.0,61,1,3,0.19672131147540983,0.04918032786885246
761,-103.0,124,1,0,0.0967741935483871,0.0
762,-127.0,121,1,3,0.09917355371900827,0.024793388429752067
763,-150.0,135,1,4,0.08888888888888889,0.02962962962962963
764,-284.0,179,1,14,0.0670391061452514,0.0782122905027933
765,-42.0,36,1,3,0.3333333333333333,0.08333333333333333
766,-24.0,45,1,0,0.26666666666666666,0.0
767,-99.0,111,1,1,0.10810810810810811,0.009009009009009009
768,-251.0,164,1,12,0.07317073170731707,0.07317073170731707
769,-326.0,200,0,14,0.06,0.07
770,-124.0,82,1,7,0.14634146341463414,0.08536585365853659
771,-35.0,47,1,1,0.2553191489361702,0.02127659574468085
772,-317.0,200,0,13,0.06,0.065
773,-227.0,185,1,7,0.06486486486486487,0.03783783783783784
774,-141.0,135,1,3,0.08888888888888889,0.022222222222222223
775,-184.0,115,1,10,0.10434782608695652,0.08695652173913043
776,-22.0,43,1,0,0.27906976744186046,0.0
777,-338.0,197,1,18,0.06091370558375635,0.09137055837563451
778,-326.0,200,0,14,0.06,0.07
779,-254.0,200,0,6,0.06,0.03
780,-299.0,200,0,11,0.06,0.055
781,-104.0,107,1,2,0.11214953271028037,0.018691588785046728
782,-71.0,56,1,4,0.21428571428571427,0.07142857142857142
783,-188.0,128,1,9,0.09375,0.0703125
784,-236.0,200,0,4,0.06,0.02
785,-344.0,200,0,16,0.06,0.08
786,3.0,18,1,0,0.6666666666666666,0.0
787,-63.0,66,1,2,0.18181818181818182,0.030303030303030304
788,-43.0,64,1,0,0.1875,0.0
789,14.0,7,1,0,1.0,0.0
790,-290.0,200,0,10,0.06,0.05
791,-135.0,102,1,6,0.11764705882352941,0.058823529411764705
792,-308.0,200,0,12,0.06,0.06
793,-36.0,57,1,0,0.21052631578947367,0.0
794,-308.0,200,0,12,0.06,0.06
795,-226.0,184,1,7,0.06521739130434782,0.03804347826086957
796,-42.0,63,1,0,0.19047619047619047,0.0
797,-159.0,135,1,5,0.08888888888888889,0.037037037037037035
798,-137.0,113,1,5,0.10619469026548672,0.04424778761061947
799,-72.0,66,1,3,0.18181818181818182,0.045454545454545456
800,-205.0,190,1,4,0.06315789473684211,0.021052631578947368
801,-308.0,200,0,12,0.06,0.06
802,-371.0,200,0,19,0.06,0.095
803,-245.0,200,0,5,0.06,0.025
804,-114.0,90,1,5,0.13333333333333333,0.05555555555555555
805,-281.0,200,0,9,0.06,0.045
806,-398.0,200,0,22,0.06,0.11
807,-213.0,180,1,6,0.06666666666666667,0.03333333333333333
808,-138.0,123,1,4,0.0975609756097561,0.032520325203252036
809,-47.0,50,1,2,0.24,0.04
810,-142.0,100,1,7,0.12,0.07
811,-180.0,174,1,3,0.06896551724137931,0.017241379310344827
812,-210.0,177,1,6,0.06779661016949153,0.03389830508474576
813,-389.0,200,0,21,0.06,0.105
814,7.0,14,1,0,0.8571428571428571,0.0
815,-196.0,163,1,6,0.0736196319018405,0.03680981595092025
816,-371.0,200,0,19,0.06,0.095
817,-126.0,120,1,3,0.1,0.025
818,-52.0,55,1,2,0.21818181818181817,0.03636363636363636
819,-74.0,86,1,1,0.13953488372093023,0.011627906976744186
820,-281.0,200,0,9,0.06,0.045
821,-75.0,69,1,3,0.17391304347826086,0.043478260869565216
822,-219.0,159,1,9,0.07547169811320754,0.05660377358490566
823,-11.0,32,1,0,0.375,0.0
824,-272.0,200,0,8,0.06,0.04
825,-59.0,53,1,3,0.22641509433962265,0.05660377358490566
826,-121.0,106,1,4,0.11320754716981132,0.03773584905660377
827,-272.0,200,0,8,0.06,0.04
828,-72.0,66,1,3,0.18181818181818182,0.045454545454545456
829,-102.0,96,1,3,0.125,0.03125
830,0.0,12,1,1,1.0,0.08333333333333333
831,-140.0,125,1,4,0.096,0.032
832,-263.0,200,0,7,0.06,0.035
833,-194.0,143,1,8,0.08391608391608392,0.055944055944055944
834,-190.0,103,1,12,0.11650485436893204,0.11650485436893204
835,-168.0,153,1,4,0.0784313725490196,0.026143790849673203
836,-281.0,200,0,9,0.06,0.045
837,-236.0,200,0,4,0.06,0.02
838,9.0,12,1,0,1.0,0.0
839,-20.0,32,1,1,0.375,0.03125
840,-175.0,151,1,5,0.07947019867549669,0.033112582781456956
841,-70.0,46,1,5,0.2608695652173913,0.10869565217391304
842,-236.0,200,0,4,0.06,0.02
843,-308.0,200,0,12,0.06,0.06
844,-100.0,94,1,3,0.1276595744680851,0.031914893617021274
845,-291.0,195,1,13,0.06153846153846154,0.06666666666666667
846,-103.0,79,1,5,0.1518987341772152,0.06329113924050633
847,-168.0,171,1,2,0.07017543859649122,0.011695906432748537
848,-169.0,154,1,4,0.07792207792207792,0.025974025974025976
849,-114.0,99,1,4,0.12121212121212122,0.04040404040404041
850,12.0,9,1,0,1.0,0.0
851,-115.0,100,1,4,0.12,0.04
852,-216.0,165,1,8,0.07272727272727272,0.048484848484848485
853,-98.0,74,1,5,0.16216216216216217,0.06756756756756757
854,-115.0,109,1,3,0.11009174311926606,0.027522935779816515
855,-227.0,200,0,3,0.06,0.015
856,-244.0,157,1,12,0.07643312101910828,0.07643312101910828
857,-130.0,97,1,6,0.12371134020618557,0.061855670103092786
858,15.0,6,1,0,1.0,0.0
859,-263.0,200,0,7,0.06,0.035
860,-17.0,29,1,1,0.41379310344827586,0.034482758620689655
861,-284.0,161,1,16,0.07453416149068323,0.09937888198757763
862,-129.0,87,1,7,0.13793103448275862,0.08045977011494253
863,3.0,18,1,0,0.6666666666666666,0.0
864,-116.0,110,1,3,0.10909090909090909,0.02727272727272727
865,-175.0,115,1,9,0.10434782608695652,0.0782608695652174
866,-170.0,146,1,5,0.0821917808219178,0.03424657534246575
867,-132.0,117,1,4,0.10256410256410256,0.03418803418803419
868,-268.0,190,1,11,0.06315789473684211,0.05789473684210526
869,-141.0,108,1,6,0.1111111111111111,0.05555555555555555
870,-49.0,61,1,1,0.19672131147540983,0.01639344262295082
871,-263.0,200,0,7,0.06,0.035
872,-33.0,36,1,2,0.3333333333333333,0.05555555555555555
873,10.0,11,1,0,1.0,0.0
874,-263.0,200,0,7,0.06,0.035
875,-281.0,200,0,9,0.06,0.045
876,-100.0,85,1,4,0.1411764705882353,0.047058823529411764
877,12.0,9,1,0,1.0,0.0
878,-272.0,200,0,8,0.06,0.04
879,-371.0,200,0,19,0.06,0.095
880,-70.0,64,1,3,0.1875,0.046875
881,-241.0,181,1,9,0.06629834254143646,0.049723756906077346
882,-10.0,31,1,0,0.3870967741935484,0.0
883,-152.0,128,1,5,0.09375,0.0390625
884,-380.0,200,0,20,0.06,0.1
885,-389.0,200,0,21,0.06,0.105
886,-353.0,200,0,17,0.06,0.085
887,-99.0,93,1,3,0.12903225806451613,0.03225806451612903
888,-299.0,200,0,11,0.06,0.055
889,-281.0,200,0,9,0.06,0.045
890,-308.0,200,0,12,0.06,0.06
891,-148.0,133,1,4,0.09022556390977443,0.03007518796992481
892,-132.0,99,1,6,0.12121212121212122,0.06060606060606061
893,-281.0,200,0,9,0.06,0.045
894,-49.0,52,1,2,0.23076923076923078,0.038461538461538464
895,-326.0,200,0,14,0.06,0.07
896,-105.0,117,1,1,0.10256410256410256,0.008547008547008548
897,-1.0,13,1,1,0.9230769230769231,0.07692307692307693
898,-39.0,33,1,3,0.36363636363636365,0.09090909090909091
899,-127.0,85,1,7,0.1411764705882353,0.08235294117647059
900,-186.0,117,1,10,0.10256410256410256,0.08547008547008547
901,-132.0,99,1,6,0.12121212121212122,0.06060606060606061
902,-178.0,163,1,4,0.0736196319018405,0.024539877300613498
903,-166.0,133,1,6,0.09022556390977443,0.045112781954887216
904,-129.0,96,1,6,0.125,0.0625
905,5.0,16,1,0,0.75,0.0
906,-46.0,49,1,2,0.24489795918367346,0.04081632653061224
907,-14.0,26,1,1,0.46153846153846156,0.038461538461538464
908,-242.0,191,1,8,0.06282722513089005,0.041884816753926704
909,2.0,19,1,0,0.631578947368421,0.0
910,-32.0,35,1,2,0.34285714285714286,0.05714285714285714
911,-135.0,120,1,4,0.1,0.03333333333333333
912,-15.0,27,1,1,0.4444444444444444,0.037037037037037035
913,13.0,8,1,0,1.0,0.0
914,-168.0,135,1,6,0.08888888888888889,0.044444444444444446
915,-231.0,180,1,8,0.06666666666666667,0.044444444444444446
916,-254.0,200,0,6,0.06,0.03
917,-263.0,200,0,7,0.06,0.035
918,-191.0,176,1,4,0.06818181818181818,0.022727272727272728
919,-4.0,25,1,0,0.48,0.0
920,-33.0,36,1,2,0.3333333333333333,0.05555555555555555
921,-17.0,38,1,0,0.3157894736842105,0.0
922,-15.0,27,1,1,0.4444444444444444,0.037037037037037035
923,-110.0,104,1,3,0.11538461538461539,0.028846153846153848
924,-254.0,200,0,6,0.06,0.03
925,-221.0,188,1,6,0.06382978723404255,0.031914893617021274
926,-37.0,40,1,2,0.3,0.05
927,-344.0,200,0,16,0.06,0.08
928,-227.0,200,0,3,0.06,0.015
929,-126.0,102,1,5,0.11764705882352941,0.049019607843137254
930,-203.0,170,1,6,0.07058823529411765,0.03529411764705882
931,12.0,9,1,0,1.0,0.0
932,-68.0,71,1,2,0.16901408450704225,0.028169014084507043
933,-70.0,73,1,2,0.1643835616438356,0.0273972602739726
934,-61.0,73,1,1,0.1643835616438356,0.0136986301369863
935,-187.0,136,1,8,0.08823529411764706,0.058823529411764705
936,-33.0,36,1,2,0.3333333333333333,0.05555555555555555
937,-102.0,78,1,5,0.15384615384615385,0.0641025641025641
938,-146.0,113,1,6,0.10619469026548672,0.05309734513274336
939,-109.0,94,1,4,0.1276595744680851,0.0425531914893617
940,-46.0,49,1,2,0.24489795918367346,0.04081632653061224
941,-272.0,200,0,8,0.06,0.04
942,-5.0,26,1,0,0.46153846153846156,0.0
943,-104.0,89,1,4,0.1348314606741573,0.0449438202247191
944,-12.0,24,1,1,0.5,0.041666666666666664
945,10.0,11,1,0,1.0,0.0
946,-217.0,130,1,12,0.09230769230769231,0.09230769230769231
947,-43.0,55,1,1,0.21818181818181817,0.01818181818181818
948,-84.0,78,1,3,0.15384615384615385,0.038461538461538464
949,-1.0,22,1,0,0.5454545454545454,0.0
950,-81.0,93,1,1,0.12903225806451613,0.010752688172043012
951,-281.0,200,0,9,0.06,0.045
952,-21.0,42,1,0,0.2857142857142857,0.0
953,-89.0,92,1,2,0.13043478260869565,0.021739130434782608
954,-254.0,200,0,6,0.06,0.03
955,-308.0,200,0,12,0.06,0.06
956,-137.0,86,1,8,0.13953488372093023,0.09302325581395349
957,-63.0,30,1,6,0.4,0.2
958,-133.0,109,1,5,0.11009174311926606,0.045871559633027525
959,-136.0,112,1,5,0.10714285714285714,0.044642857142857144
960,-193.0,124,1,10,0.0967741935483871,0.08064516129032258
961,-254.0,200,0,6,0.06,0.03
962,-20.0,23,1,2,0.5217391304347826,0.08695652173913043
963,-227.0,200,0,3,0.06,0.015
964,9.0,12,1,0,1.0,0.0
965,-52.0,64,1,1,0.1875,0.015625
966,-272.0,200,0,8,0.06,0.04
967,-290.0,200,0,10,0.06,0.05
968,-30.0,51,1,0,0.23529411764705882,0.0
969,-168.0,144,1,5,0.08333333333333333,0.034722222222222224
970,-281.0,200,0,9,0.06,0.045
971,-13.0,16,1,2,0.75,0.125
972,-281.0,200,0,9,0.06,0.045
973,-263.0,200,0,7,0.06,0.035
974,3.0,18,1,0,0.6666666666666666,0.0
975,-267.0,162,1,14,0.07407407407407407,0.08641975308641975
976,-13.0,25,1,1,0.48,0.04
977,-364.0,178,1,23,0.06741573033707865,0.12921348314606743
978,11.0,10,1,0,1.0,0.0
979,-7.0,28,1,0,0.42857142857142855,0.0
980,6.0,15,1,0,0.8,0.0
981,-221.0,170,1,8,0.07058823529411765,0.047058823529411764
982,-31.0,43,1,1,0.27906976744186046,0.023255813953488372
983,15.0,6,1,0,1.0,0.0
984,-6.0,18,1,1,0.6666666666666666,0.05555555555555555
985,-263.0,200,0,7,0.06,0.035
986,-133.0,127,1,3,0.09448818897637795,0.023622047244094488
987,-245.0,200,0,5,0.06,0.025
988,-294.0,180,1,15,0.06666666666666667,0.08333333333333333
989,-153.0,156,1,2,0.07692307692307693,0.01282051282051282
990,-129.0,87,1,7,0.13793103448275862,0.08045977011494253
991,-133.0,136,1,2,0.08823529411764706,0.014705882352941176
992,-254.0,200,0,6,0.06,0.03
993,-111.0,96,1,4,0.125,0.041666666666666664
994,-61.0,82,1,0,0.14634146341463414,0.0
995,-248.0,197,1,8,0.06091370558375635,0.04060913705583756
996,-114.0,108,1,3,0.1111111111111111,0.027777777777777776
997,-87.0,54,1,6,0.2222222222222222,0.1111111111111111
998,-155.0,113,1,7,0.10619469026548672,0.061946902654867256
999,-20.0,32,1,1,0.375,0.03125
1000,-45.0,48,1,2,0.25,0.041666666666666664
1001,-290.0,200,0,10,0.06,0.05
1002,-55.0,76,1,0,0.15789473684210525,0.0
1003,-126.0,102,1,5,0.11764705882352941,0.049019607843137254
1004,-121.0,115,1,3,0.10434782608695652,0.02608695652173913
1005,-130.0,97,1,6,0.12371134020618557,0.061855670103092786
1006,-58.0,52,1,3,0.23076923076923078,0.057692307692307696
1007,-35.0,38,1,2,0.3157894736842105,0.05263157894736842
1008,-12.0,15,1,2,0.8,0.13333333333333333
1009,-93.0,105,1,1,0.11428571428571428,0.009523809523809525
1010,-254.0,200,0,6,0.06,0.03
1011,-116.0,110,1,3,0.10909090909090909,0.02727272727272727
1012,-81.0,84,1,2,0.14285714285714285,0.023809523809523808
1013,-6.0,18,1,1,0.6666666666666666,0.05555555555555555
1014,-82.0,76,1,3,0.15789473684210525,0.039473684210526314
1015,-139.0,106,1,6,0.11320754716981132,0.05660377358490566
1016,14.0,7,1,0,1.0,0.0
1017,-193.0,160,1,6,0.075,0.0375
1018,-335.0,200,0,15,0.06,0.075
1019,-254.0,200,0,6,0.06,0.03
1020,-272.0,200,0,8,0.06,0.04
1021,-281.0,200,0,9,0.06,0.045
1022,-90.0,66,1,5,0.18181818181818182,0.07575757575757576
1023,3.0,18,1,0,0.6666666666666666,0.0
1024,-65.0,50,1,4,0.24,0.08
1025,-294.0,180,1,15,0.06666666666666667,0.08333333333333333
1026,-272.0,200,0,8,0.06,0.04
1027,-4.0,25,1,0,0.48,0.0
1028,-121.0,115,1,3,0.10434782608695652,0.02608695652173913
1029,-22.0,34,1,1,0.35294117647058826,0.029411764705882353
1030,-211.0,115,1,13,0.10434782608695652,0.11304347826086956
1031,-14.0,35,1,0,0.34285714285714286,0.0
1032,10.0,11,1,0,1.0,0.0
1033,-263.0,200,0,7,0.06,0.035
1034,-73.0,85,1,1,0.1411764705882353,0.011764705882352941
1035,-76.0,70,1,3,0.17142857142857143,0.04285714285714286
1036,-86.0,71,1,4,0.16901408450704225,0.056338028169014086
1037,-52.0,73,1,0,0.1643835616438356,0.0
1038,-215.0,164,1,8,0.07317073170731707,0.04878048780487805
1039,10.0,11,1,0,1.0,0.0
1040,-202.0,124,1,11,0.0967741935483871,0.08870967741935484
1041,-27.0,30,1,2,0.4,0.06666666666666667
1042,-299.0,200,0,11,0.06,0.055
1043,-131.0,134,1,2,0.08955223880597014,0.014925373134328358
1044,-80.0,74,1,3,0.16216216216216217,0.04054054054054054
1045,-22.0,34,1,1,0.35294117647058826,0.029411764705882353
1046,-272.0,200,0,8,0.06,0.04
1047,-39.0,42,1,2,0.2857142857142857,0.047619047619047616
1048,-371.0,200,0,19,0.06,0.095
1049,-236.0,167,1,10,0.0718562874251497,0.059880239520958084
1050,-27.0,30,1,2,0.4,0.06666666666666667
1051,-160.0,154,1,3,0.07792207792207792,0.01948051948051948
1052,-54.0,57,1,2,0.21052631578947367,0.03508771929824561
1053,-28.0,40,1,1,0.3,0.025
1054,-313.0,190,1,16,0.06315789473684211,0.08421052631578947
1055,-20.0,23,1,2,0.5217391304347826,0.08695652173913043
1056,-94.0,106,1,1,0.11320754716981132,0.009433962264150943
1057,-32.0,44,1,1,0.2727272727272727,0.022727272727272728
1058,-55.0,49,1,3,0.24489795918367346,0.061224489795918366
1059,-51.0,54,1,2,0.2222222222222222,0.037037037037037035
1060,-202.0,160,1,7,0.075,0.04375
1061,-254.0,200,0,6,0.06,0.03
1062,-242.0,128,1,15,0.09375,0.1171875
1063,-73.0,94,1,0,0.1276595744680851,0.0
1064,-371.0,200,0,19,0.06,0.095
1065,-37.0,49,1,1,0.24489795918367346,0.02040816326530612
1066,-263.0,167,1,13,0.0718562874251497,0.07784431137724551
1067,-189.0,120,1,10,0.1,0.08333333333333333
1068,-47.0,59,1,1,0.2033898305084746,0.01694915254237288
1069,-49.0,43,1,3,0.27906976744186046,0.06976744186046512
1070,-174.0,150,1,5,0.08,0.03333333333333333
1071,-247.0,196,1,8,0.061224489795918366,0.04081632653061224
1072,-245.0,200,0,5,0.06,0.025
1073,-272.0,200,0,8,0.06,0.04
1074,-39.0,51,1,1,0.23529411764705882,0.0196078431372549
1075,-3.0,24,1,0,0.5,0.0
1076,12.0,9,1,0,1.0,0.0
1077,-74.0,77,1,2,0.15584415584415584,0.025974025974025976
1078,-97.0,109,1,1,0.11009174311926606,0.009174311926605505
1079,-32.0,26,1,3,0.46153846153846156,0.11538461538461539
1080,-5.0,26,1,0,0.46153846153846156,0.0
1081,-245.0,200,0,5,0.06,0.025
1082,-57.0,60,1,2,0.2,0.03333333333333333
1083,-113.0,107,1,3,0.11214953271028037,0.028037383177570093
1084,-18.0,21,1,2,0.5714285714285714,0.09523809523809523
1085,-40.0,43,1,2,0.27906976744186046,0.046511627906976744
1086,-176.0,161,1,4,0.07453416149068323,0.024844720496894408
1087,-124.0,100,1,5,0.12,0.05
1088,-344.0,200,0,16,0.06,0.08
1089,-58.0,61,1,2,0.19672131147540983,0.03278688524590164
1090,-125.0,110,1,4,0.10909090909090909,0.03636363636363636
1091,3.0,18,1,0,0.6666666666666666,0.0
1092,-317.0,200,0,13,0.06,0.065
1093,-161.0,146,1,4,0.0821917808219178,0.0273972602739726
1094,-82.0,85,1,2,0.1411764705882353,0.023529411764705882
1095,-104.0,71,1,6,0.16901408450704225,0.08450704225352113
1096,-18.0,21,1,2,0.5714285714285714,0.09523809523809523
1097,-196.0,145,1,8,0.08275862068965517,0.05517241379310345
1098,-57.0,60,1,2,0.2,0.03333333333333333
1099,3.0,9,1,1,1.0,0.1111111111111111
1100,-209.0,167,1,7,0.0718562874251497,0.041916167664670656
1101,-281.0,200,0,9,0.06,0.045
1102,-290.0,200,0,10,0.06,0.05
1103,-252.0,165,1,12,0.07272727272727272,0.07272727272727272
1104,-256.0,142,1,15,0.08450704225352113,0.1056338028169014
1105,-118.0,103,1,4,0.11650485436893204,0.038834951456310676
1106,14.0,7,1,0,1.0,0.0
1107,-38.0,32,1,3,0.375,0.09375
1108,-17.0,29,1,1,0.41379310344827586,0.034482758620689655
1109,9.0,12,1,0,1.0,0.0
1110,-37.0,40,1,2,0.3,0.05
1111,7.0,14,1,0,0.8571428571428571,0.0
1112,-57.0,60,1,2,0.2,0.03333333333333333
1113,-67.0,34,1,6,0.35294117647058826,0.17647058823529413
1114,-263.0,200,0,7,0.06,0.035
1115,-129.0,105,1,5,0.11428571428571428,0.047619047619047616
1116,-263.0,194,1,10,0.061855670103092786,0.05154639175257732
1117,-102.0,96,1,3,0.125,0.03125
1118,-80.0,56,1,5,0.21428571428571427,0.08928571428571429
1119,-72.0,66,1,3,0.18181818181818182,0.045454545454545456
1120,-25.0,28,1,2,0.42857142857142855,0.07142857142857142
1121,-290.0,200,0,10,0.06,0.05
1122,-23.0,35,1,1,0.34285714285714286,0.02857142857142857
1123,-117.0,84,1,6,0.14285714285714285,0.07142857142857142
1124,-218.0,140,1,11,0.08571428571428572,0.07857142857142857
1125,-259.0,172,1,12,0.06976744186046512,0.06976744186046512
1126,-143.0,110,1,6,0.10909090909090909,0.05454545454545454
1127,-16.0,37,1,0,0.32432432432432434,0.0
1128,-101.0,86,1,4,0.13953488372093023,0.046511627906976744
1129,-5.0,26,1,0,0.46153846153846156,0.0
1130,-206.0,173,1,6,0.06936416184971098,0.03468208092485549
1131,14.0,7,1,0,1.0,0.0
1132,-149.0,143,1,3,0.08391608391608392,0.02097902097902098
1133,-56.0,50,1,3,0.24,0.06
1134,-26.0,38,1,1,0.3157894736842105,0.02631578947368421
1135,-251.0,155,1,13,0.07741935483870968,0.08387096774193549
1136,-37.0,40,1,2,0.3,0.05
1137,7.0,14,1,0,0.8571428571428571,0.0
1138,-14.0,35,1,0,0.34285714285714286,0.0
1139,0.0,21,1,0,0.5714285714285714,0.0
1140,10.0,11,1,0,1.0,0.0
1141,6.0,15,1,0,0.8,0.0
1142,3.0,18,1,0,0.6666666666666666,0.0
1143,-187.0,154,1,6,0.07792207792207792,0.03896103896103896
1144,-59.0,71,1,1,0.16901408450704225,0.014084507042253521
1145,-165.0,105,1,9,0.11428571428571428,0.08571428571428572
1146,-38.0,41,1,2,0.2926829268292683,0.04878048780487805
1147,-159.0,108,1,8,0.1111111111111111,0.07407407407407407
1148,-35.0,47,1,1,0.2553191489361702,0.02127659574468085
1149,-245.0,200,0,5,0.06,0.025
1150,-425.0,200,0,25,0.06,0.125
1151,-236.0,200,0,4,0.06,0.02
1152,-7.0,19,1,1,0.631578947368421,0.05263157894736842
1153,2.0,19,1,0,0.631578947368421,0.0
1154,-37.0,49,1,1,0.24489795918367346,0.02040816326530612
1155,-308.0,200,0,12,0.06,0.06
1156,-27.0,39,1,1,0.3076923076923077,0.02564102564102564
1157,-234.0,138,1,13,0.08695652173913043,0.09420289855072464
1158,-30.0,33,1,2,0.36363636363636365,0.06060606060606061
1159,10.0,11,1,0,1.0,0.0
1160,14.0,7,1,0,1.0,0.0
1161,-32.0,44,1,1,0.2727272727272727,0.022727272727272728
1162,-9.0,21,1,1,0.5714285714285714,0.047619047619047616
1163,-14.0,35,1,0,0.34285714285714286,0.0
1164,5.0,16,1,0,0.75,0.0
1165,13.0,8,1,0,1.0,0.0
1166,-144.0,120,1,5,0.1,0.041666666666666664
1167,-245.0,200,0,5,0.06,0.025
1168,-87.0,81,1,3,0.14814814814814814,0.037037037037037035
1169,12.0,9,1,0,1.0,0.0
1170,-97.0,73,1,5,0.1643835616438356,0.0684931506849315
1171,-102.0,105,1,2,0.11428571428571428,0.01904761904761905
1172,-216.0,165,1,8,0.07272727272727272,0.048484848484848485
1173,-39.0,51,1,1,0.23529411764705882,0.0196078431372549
1174,-37.0,22,1,4,0.5454545454545454,0.18181818181818182
1175,-335.0,200,0,15,0.06,0.075
1176,-197.0,164,1,6,0.07317073170731707,0.036585365853658534
1177,8.0,13,1,0,0.9230769230769231,0.0
1178,-2.0,14,1,1,0.8571428571428571,0.07142857142857142
1179,-119.0,77,1,7,0.15584415584415584,0.09090909090909091
1180,-2.0,23,1,0,0.5217391304347826,0.0
1181,-27.0,30,1,2,0.4,0.06666666666666667
1182,-69.0,63,1,3,0.19047619047619047,0.047619047619047616
1183,4.0,17,1,0,0.7058823529411765,0.0
1184,2.0,19,1,0,0.631578947368421,0.0
1185,-141.0,99,1,7,0.12121212121212122,0.0707070707070707
1186,-226.0,157,1,10,0.07643312101910828,0.06369426751592357
1187,-129.0,105,1,5,0.11428571428571428,0.047619047619047616
1188,-118.0,67,1,8,0.1791044776119403,0.11940298507462686
1189,-1.0,13,1,1,0.9230769230769231,0.07692307692307693
1190,-118.0,94,1,5,0.1276595744680851,0.05319148936170213
1191,4.0,17,1,0,0.7058823529411765,0.0
1192,-116.0,65,1,8,0.18461538461538463,0.12307692307692308
1193,14.0,7,1,0,1.0,0.0
1194,-11.0,14,1,2,0.8571428571428571,0.14285714285714285
1195,-149.0,125,1,5,0.096,0.04
1196,-125.0,74,1,8,0.16216216216216217,0.10810810810810811
1197,-48.0,60,1,1,0.2,0.016666666666666666
1198,-60.0,63,1,2,0.19047619047619047,0.031746031746031744
1199,-272.0,200,0,8,0.06,0.04
1200,13.0,8,1,0,1.0,0.0
1201,-17.0,20,1,2,0.6,0.1
1202,7.0,14,1,0,0.8571428571428571,0.0
1203,-48.0,69,1,0,0.17391304347826086,0.0
1204,14.0,7,1,0,1.0,0.0
1205,-18.0,39,1,0,0.3076923076923077,0.0
1206,-42.0,45,1,2,0.26666666666666666,0.044444444444444446
1207,-79.0,64,1,4,0.1875,0.0625
1208,-236.0,200,0,4,0.06,0.02
1209,-4.0,16,1,1,0.75,0.0625
1210,-5.0,26,1,0,0.46153846153846156,0.0
1211,-51.0,45,1,3,0.26666666666666666,0.06666666666666667
1212,-231.0,153,1,11,0.0784313725490196,0.0718954248366013
1213,4.0,8,1,1,1.0,0.125
1214,-1.0,22,1,0,0.5454545454545454,0.0
1215,-123.0,108,1,4,0.1111111111111111,0.037037037037037035
1216,6.0,15,1,0,0.8,0.0
1217,15.0,6,1,0,1.0,0.0
1218,-335.0,185,1,19,0.06486486486486487,0.10270270270270271
1219,-137.0,104,1,6,0.11538461538461539,0.057692307692307696
1220,-135.0,129,1,3,0.09302325581395349,0.023255813953488372
1221,-10.0,22,1,1,0.5454545454545454,0.045454545454545456
1222,-21.0,33,1,1,0.36363636363636365,0.030303030303030304
1223,8.0,13,1,0,0.9230769230769231,0.0
1224,-50.0,44,1,3,0.2727272727272727,0.06818181818181818
1225,-107.0,74,1,6,0.16216216216216217,0.08108108108108109
1226,-326.0,200,0,14,0.06,0.07
1227,-26.0,47,1,0,0.2553191489361702,0.0
1228,-16.0,19,1,2,0.631578947368421,0.10526315789473684
1229,-241.0,181,1,9,0.06629834254143646,0.049723756906077346
1230,-46.0,49,1,2,0.24489795918367346,0.04081632653061224
1231,-171.0,147,1,5,0.08163265306122448,0.034013605442176874
1232,-18.0,21,1,2,0.5714285714285714,0.09523809523809523
1233,-99.0,93,1,3,0.12903225806451613,0.03225806451612903
1234,6.0,15,1,0,0.8,0.0
1235,3.0,9,1,1,1.0,0.1111111111111111
1236,-64.0,67,1,2,0.1791044776119403,0.029850746268656716
1237,-57.0,42,1,4,0.2857142857142857,0.09523809523809523
1238,4.0,8,1,1,1.0,0.125
1239,-27.0,39,1,1,0.3076923076923077,0.02564102564102564
1240,-43.0,64,1,0,0.1875,0.0
1241,-134.0,110,1,5,0.10909090909090909,0.045454545454545456
1242,-198.0,165,1,6,0.07272727272727272,0.03636363636363636
1243,-203.0,134,1,10,0.08955223880597014,0.07462686567164178
1244,-3.0,24,1,0,0.5,0.0
1245,-105.0,90,1,4,0.13333333333333333,0.044444444444444446
1246,-112.0,106,1,3,0.11320754716981132,0.02830188679245283
1247,-104.0,62,1,7,0.1935483870967742,0.11290322580645161
1248,-179.0,155,1,5,0.07741935483870968,0.03225806451612903
1249,-299.0,200,0,11,0.06,0.055
1250,-131.0,80,1,8,0.15,0.1
1251,-1.0,13,1,1,0.9230769230769231,0.07692307692307693
1252,15.0,6,1,0,1.0,0.0
1253,-63.0,57,1,3,0.21052631578947367,0.05263157894736842
1254,-103.0,106,1,2,0.11320754716981132,0.018867924528301886
1255,-31.0,34,1,2,0.35294117647058826,0.058823529411764705
1256,-74.0,41,1,6,0.2926829268292683,0.14634146341463414
1257,-106.0,109,1,2,0.11009174311926606,0.01834862385321101
1258,-76.0,61,1,4,0.19672131147540983,0.06557377049180328
1259,-56.0,77,1,0,0.15584415584415584,0.0
1260,-461.0,200,0,29,0.06,0.145
1261,-34.0,28,1,3,0.42857142857142855,0.10714285714285714
1262,-35.0,38,1,2,0.3157894736842105,0.05263157894736842
1263,10.0,11,1,0,1.0,0.0
1264,-39.0,42,1,2,0.2857142857142857,0.047619047619047616
1265,-26.0,38,1,1,0.3157894736842105,0.02631578947368421
1266,-236.0,158,1,11,0.0759493670886076,0.06962025316455696
1267,-192.0,150,1,7,0.08,0.04666666666666667
1268,-36.0,48,1,1,0.25,0.020833333333333332
1269,-15.0,27,1,1,0.4444444444444444,0.037037037037037035
1270,-137.0,86,1,8,0.13953488372093023,0.09302325581395349
1271,-29.0,32,1,2,0.375,0.0625
1272,-54.0,66,1,1,0.18181818181818182,0.015151515151515152
1273,-326.0,200,0,14,0.06,0.07
1274,-126.0,111,1,4,0.10810810810810811,0.036036036036036036
1275,-326.0,200,0,14,0.06,0.07
1276,-66.0,51,1,4,0.23529411764705882,0.0784313725490196
1277,-266.0,152,1,15,0.07894736842105263,0.09868421052631579
1278,-52.0,55,1,2,0.21818181818181817,0.03636363636363636
1279,-146.0,95,1,8,0.12631578947368421,0.08421052631578947
1280,-288.0,174,1,15,0.06896551724137931,0.08620689655172414
1281,-258.0,180,1,11,0.06666666666666667,0.06111111111111111
1282,-44.0,47,1,2,0.2553191489361702,0.0425531914893617
1283,0.0,12,1,1,1.0,0.08333333333333333
1284,-70.0,82,1,1,0.14634146341463414,0.012195121951219513
1285,-127.0,112,1,4,0.10714285714285714,0.03571428571428571
1286,3.0,9,1,1,1.0,0.1111111111111111
1287,-18.0,39,1,0,0.3076923076923077,0.0
1288,-60.0,63,1,2,0.19047619047619047,0.031746031746031744
1289,-51.0,63,1,1,0.19047619047619047,0.015873015873015872
1290,-116.0,110,1,3,0.10909090909090909,0.02727272727272727
1291,-39.0,33,1,3,0.36363636363636365,0.09090909090909091
1292,-42.0,36,1,3,0.3333333333333333,0.08333333333333333
1293,0.0,12,1,1,1.0,0.08333333333333333
1294,-90.0,66,1,5,0.18181818181818182,0.07575757575757576
1295,-2.0,23,1,0,0.5217391304347826,0.0
1296,-44.0,65,1,0,0.18461538461538463,0.0
1297,-81.0,66,1,4,0.18181818181818182,0.06060606060606061
1298,-43.0,37,1,3,0.32432432432432434,0.08108108108108109
1299,-18.0,21,1,2,0.5714285714285714,0.09523809523809523
1300,11.0,10,1,0,1.0,0.0
1301,-190.0,157,1,6,0.07643312101910828,0.03821656050955414
1302,-193.0,160,1,6,0.075,0.0375
1303,-272.0,200,0,8,0.06,0.04
1304,-44.0,38,1,3,0.3157894736842105,0.07894736842105263
1305,-68.0,44,1,5,0.2727272727272727,0.11363636363636363
1306,-113.0,89,1,5,0.1348314606741573,0.056179775280898875
1307,-36.0,39,1,2,0.3076923076923077,0.05128205128205128
1308,-122.0,89,1,6,0.1348314606741573,0.06741573033707865
1309,-6.0,27,1,0,0.4444444444444444,0.0
1310,-236.0,200,0,4,0.06,0.02
1311,-9.0,12,1,2,1.0,0.16666666666666666
1312,-260.0,191,1,10,0.06282722513089005,0.05235602094240838
1313,-70.0,64,1,3,0.1875,0.046875
1314,-272.0,200,0,8,0.06,0.04
1315,-13.0,25,1,1,0.48,0.04
1316,-80.0,83,1,2,0.14457831325301204,0.024096385542168676
1317,-105.0,90,1,4,0.13333333333333333,0.044444444444444446
1318,-11.0,23,1,1,0.5217391304347826,0.043478260869565216
1319,-143.0,119,1,5,0.10084033613445378,0.04201680672268908
1320,-86.0,71,1,4,0.16901408450704225,0.056338028169014086
1321,-290.0,200,0,10,0.06,0.05
1322,-1.0,13,1,1,0.9230769230769231,0.07692307692307693
1323,14.0,7,1,0,1.0,0.0
1324,-144.0,111,1,6,0.10810810810810811,0.05405405405405406
1325,11.0,10,1,0,1.0,0.0
1326,-82.0,58,1,5,0.20689655172413793,0.08620689655172414
1327,-72.0,75,1,2,0.16,0.02666666666666667
1328,10.0,11,1,0,1.0,0.0
1329,-3.0,15,1,1,0.8,0.06666666666666667
1330,-245.0,200,0,5,0.06,0.025
1331,13.0,8,1,0,1.0,0.0
1332,-47.0,41,1,3,0.2926829268292683,0.07317073170731707
1333,9.0,12,1,0,1.0,0.0
1334,-52.0,46,1,3,0.2608695652173913,0.06521739130434782
1335,-2.0,23,1,0,0.5217391304347826,0.0
1336,-12.0,24,1,1,0.5,0.041666666666666664
1337,4.0,17,1,0,0.7058823529411765,0.0
1338,-308.0,200,0,12,0.06,0.06
1339,-99.0,93,1,3,0.12903225806451613,0.03225806451612903
1340,-100.0,85,1,4,0.1411764705882353,0.047058823529411764
1341,-22.0,34,1,1,0.35294117647058826,0.029411764705882353
1342,-2.0,14,1,1,0.8571428571428571,0.07142857142857142
1343,-251.0,200,1,8,0.06,0.04
1344,-223.0,154,1,10,0.07792207792207792,0.06493506493506493
1345,-213.0,162,1,8,0.07407407407407407,0.04938271604938271
1346,-86.0,89,1,2,0.1348314606741573,0.02247191011235955
1347,-160.0,109,1,8,0.11009174311926606,0.07339449541284404
1348,-38.0,41,1,2,0.2926829268292683,0.04878048780487805
1349,-28.0,40,1,1,0.3,0.025
1350,-15.0,36,1,0,0.3333333333333333,0.0
1351,-50.0,44,1,3,0.2727272727272727,0.06818181818181818
1352,-281.0,200,0,9,0.06,0.045
1353,-125.0,101,1,5,0.1188118811881188,0.04950495049504951
1354,3.0,18,1,0,0.6666666666666666,0.0
1355,-99.0,93,1,3,0.12903225806451613,0.03225806451612903
1356,-263.0,200,0,7,0.06,0.035
1357,9.0,12,1,0,1.0,0.0
1358,-33.0,36,1,2,0.3333333333333333,0.05555555555555555
1359,8.0,13,1,0,0.9230769230769231,0.0
1360,-15.0,27,1,1,0.4444444444444444,0.037037037037037035
1361,-22.0,25,1,2,0.48,0.08
1362,-172.0,121,1,8,0.09917355371900827,0.06611570247933884
1363,-273.0,141,1,17,0.0851063829787234,0.12056737588652482
1364,5.0,16,1,0,0.75,0.0
1365,8.0,13,1,0,0.9230769230769231,0.0
1366,-71.0,38,1,6,0.3157894736842105,0.15789473684210525
1367,-149.0,143,1,3,0.08391608391608392,0.02097902097902098
1368,3.0,18,1,0,0.6666666666666666,0.0
1369,-29.0,41,1,1,0.2926829268292683,0.024390243902439025
1370,2.0,10,1,1,1.0,0.1
1371,-160.0,127,1,6,0.09448818897637795,0.047244094488188976
1372,-9.0,12,1,2,1.0,0.16666666666666666
1373,-10.0,22,1,1,0.5454545454545454,0.045454545454545456
1374,-87.0,72,1,4,0.16666666666666666,0.05555555555555555
1375,-443.0,200,0,27,0.06,0.135
1376,-228.0,177,1,8,0.06779661016949153,0.04519774011299435
1377,-221.0,143,1,11,0.08391608391608392,0.07692307692307693
1378,10.0,11,1,0,1.0,0.0
1379,-144.0,111,1,6,0.10810810810810811,0.05405405405405406
1380,-168.0,135,1,6,0.08888888888888889,0.044444444444444446
1381,1.0,20,1,0,0.6,0.0
1382,-156.0,132,1,5,0.09090909090909091,0.03787878787878788
1383,-92.0,68,1,5,0.17647058823529413,0.07352941176470588
1384,0.0,21,1,0,0.5714285714285714,0.0
1385,-8.0,20,1,1,0.6,0.05
1386,-9.0,30,1,0,0.4,0.0
1387,-43.0,46,1,2,0.2608695652173913,0.043478260869565216
1388,-70.0,64,1,3,0.1875,0.046875
1389,3.0,18,1,0,0.6666666666666666,0.0
1390,-6.0,18,1,1,0.6666666666666666,0.05555555555555555
1391,-19.0,22,1,2,0.5454545454545454,0.09090909090909091
1392,4.0,8,1,1,1.0,0.125
1393,-139.0,97,1,7,0.12371134020618557,0.07216494845360824
1394,-73.0,49,1,5,0.24489795918367346,0.10204081632653061
1395,12.0,9,1,0,1.0,0.0
1396,8.0,13,1,0,0.9230769230769231,0.0
1397,11.0,10,1,0,1.0,0.0
1398,-3.0,15,1,1,0.8,0.06666666666666667
1399,-9.0,21,1,1,0.5714285714285714,0.047619047619047616
1400,14.0,7,1,0,1.0,0.0
1401,-45.0,39,1,3,0.3076923076923077,0.07692307692307693
1402,1.0,11,1,1,1.0,0.09090909090909091
1403,8.0,13,1,0,0.9230769230769231,0.0
1404,11.0,10,1,0,1.0,0.0
1405,-130.0,133,1,2,0.09022556390977443,0.015037593984962405
1406,-13.0,34,1,0,0.35294117647058826,0.0
1407,-108.0,84,1,5,0.14285714285714285,0.05952380952380952
1408,2.0,19,1,0,0.631578947368421,0.0
1409,-9.0,12,1,2,1.0,0.16666666666666666
1410,-210.0,177,1,6,0.06779661016949153,0.03389830508474576
1411,-23.0,44,1,0,0.2727272727272727,0.0
1412,-8.0,29,1,0,0.41379310344827586,0.0
1413,5.0,16,1,0,0.75,0.0
1414,-109.0,103,1,3,0.11650485436893204,0.02912621359223301
1415,-17.0,38,1,0,0.3157894736842105,0.0
1416,-161.0,119,1,7,0.10084033613445378,0.058823529411764705
1417,8.0,13,1,0,0.9230769230769231,0.0
1418,-60.0,63,1,2,0.19047619047619047,0.031746031746031744
1419,-148.0,106,1,7,0.11320754716981132,0.0660377358490566
1420,-108.0,102,1,3,0.11764705882352941,0.029411764705882353
1421,-28.0,49,1,0,0.24489795918367346,0.0
1422,6.0,15,1,0,0.8,0.0
1423,-52.0,55,1,2,0.21818181818181817,0.03636363636363636
1424,-2.0,23,1,0,0.5217391304347826,0.0
1425,-272.0,200,0,8,0.06,0.04
1426,-299.0,200,0,11,0.06,0.055
1427,-315.0,192,1,16,0.0625,0.08333333333333333
1428,-211.0,169,1,7,0.07100591715976332,0.04142011834319527
1429,-151.0,127,1,5,0.09448818897637795,0.03937007874015748
1430,-180.0,102,1,11,0.11764705882352941,0.10784313725490197
1431,-263.0,200,0,7,0.06,0.035
1432,-28.0,31,1,2,0.3870967741935484,0.06451612903225806
1433,-21.0,33,1,1,0.36363636363636365,0.030303030303030304
1434,-75.0,51,1,5,0.23529411764705882,0.09803921568627451
1435,-42.0,36,1,3,0.3333333333333333,0.08333333333333333
1436,-84.0,78,1,3,0.15384615384615385,0.038461538461538464
1437,-68.0,62,1,3,0.1935483870967742,0.04838709677419355
1438,-176.0,170,1,3,0.07058823529411765,0.01764705882352941
1439,12.0,9,1,0,1.0,0.0
1440,-168.0,180,1,1,0.06666666666666667,0.005555555555555556
1441,-11.0,23,1,1,0.5217391304347826,0.043478260869565216
1442,-88.0,91,1,2,0.13186813186813187,0.02197802197802198
1443,-286.0,199,1,12,0.06030150753768844,0.06030150753768844
1444,-125.0,110,1,4,0.10909090909090909,0.03636363636363636
1445,13.0,8,1,0,1.0,0.0
1446,-235.0,139,1,13,0.08633093525179857,0.09352517985611511
1447,-5.0,17,1,1,0.7058823529411765,0.058823529411764705
1448,-66.0,51,1,4,0.23529411764705882,0.0784313725490196
1449,-9.0,21,1,1,0.5714285714285714,0.047619047619047616
1450,-132.0,81,1,8,0.14814814814814814,0.09876543209876543
1451,-128.0,104,1,5,0.11538461538461539,0.04807692307692308
1452,10.0,11,1,0,1.0,0.0
1453,13.0,8,1,0,1.0,0.0
1454,-263.0,200,0,7,0.06,0.035
1455,-15.0,27,1,1,0.4444444444444444,0.037037037037037035
1456,-8.0,29,1,0,0.41379310344827586,0.0
1457,-26.0,47,1,0,0.2553191489361702,0.0
1458,-51.0,54,1,2,0.2222222222222222,0.037037037037037035
1459,-113.0,116,1,2,0.10344827586206896,0.017241379310344827
1460,7.0,14,1,0,0.8571428571428571,0.0
1461,-181.0,130,1,8,0.09230769230769231,0.06153846153846154
1462,-254.0,200,0,6,0.06,0.03
1463,12.0,9,1,0,1.0,0.0
1464,-245.0,200,0,5,0.06,0.025
1465,-180.0,93,1,12,0.12903225806451613,0.12903225806451613
1466,-180.0,129,1,8,0.09302325581395349,0.06201550387596899
1467,-16.0,28,1,1,0.42857142857142855,0.03571428571428571
1468,-42.0,45,1,2,0.26666666666666666,0.044444444444444446
1469,-179.0,164,1,4,0.07317073170731707,0.024390243902439025
1470,-7.0,28,1,0,0.42857142857142855,0.0
1471,-44.0,47,1,2,0.2553191489361702,0.0425531914893617
1472,2.0,19,1,0,0.631578947368421,0.0
1473,-4.0,25,1,0,0.48,0.0
1474,13.0,8,1,0,1.0,0.0
1475,-57.0,42,1,4,0.2857142857142857,0.09523809523809523
1476,-19.0,31,1,1,0.3870967741935484,0.03225806451612903
1477,3.0,18,1,0,0.6666666666666666,0.0
1478,-16.0,19,1,2,0.631578947368421,0.10526315789473684
1479,-62.0,65,1,2,0.18461538461538463,0.03076923076923077
1480,-249.0,189,1,9,0.06349206349206349,0.047619047619047616
1481,-263.0,200,0,7,0.06,0.035
1482,-35.0,38,1,2,0.3157894736842105,0.05263157894736842
1483,-3.0,24,1,0,0.5,0.0
1484,-57.0,42,1,4,0.2857142857142857,0.09523809523809523
1485,15.0,6,1,0,1.0,0.0
1486,-93.0,69,1,5,0.17391304347826086,0.07246376811594203
1487,-52.0,73,1,0,0.1643835616438356,0.0
1488,-174.0,96,1,11,0.125,0.11458333333333333
1489,-7.0,19,1,1,0.631578947368421,0.05263157894736842
1490,-220.0,160,1,9,0.075,0.05625
1491,-94.0,70,1,5,0.17142857142857143,0.07142857142857142
1492,-51.0,54,1,2,0.2222222222222222,0.037037037037037035
1493,-127.0,85,1,7,0.1411764705882353,0.08235294117647059
1494,-22.0,34,1,1,0.35294117647058826,0.029411764705882353
1495,11.0,10,1,0,1.0,0.0
1496,-85.0,79,1,3,0.1518987341772152,0.0379746835443038
1497,4.0,17,1,0,0.7058823529411765,0.0
1498,-317.0,200,0,13,0.06,0.065
1499,-138.0,96,1,7,0.125,0.07291666666666667
1500,-6.0,18,1,1,0.6666666666666666,0.05555555555555555
1501,-112.0,79,1,6,0.1518987341772152,0.0759493670886076
1502,-162.0,102,1,9,0.11764705882352941,0.08823529411764706
1503,-145.0,139,1,3,0.08633093525179857,0.02158273381294964
1504,-42.0,54,1,1,0.2222222222222222,0.018518518518518517
1505,-35.0,56,1,0,0.21428571428571427,0.0
1506,14.0,7,1,0,1.0,0.0
1507,10.0,11,1,0,1.0,0.0
1508,-76.0,70,1,3,0.17142857142857143,0.04285714285714286
1509,-5.0,17,1,1,0.7058823529411765,0.058823529411764705
1510,15.0,6,1,0,1.0,0.0
1511,7.0,14,1,0,0.8571428571428571,0.0
1512,-140.0,125,1,4,0.096,0.032
1513,-140.0,98,1,7,0.12244897959183673,0.07142857142857142
1514,10.0,11,1,0,1.0,0.0
1515,-98.0,83,1,4,0.14457831325301204,0.04819277108433735
1516,-272.0,200,0,8,0.06,0.04
1517,-82.0,67,1,4,0.1791044776119403,0.05970149253731343
1518,10.0,11,1,0,1.0,0.0
1519,-137.0,104,1,6,0.11538461538461539,0.057692307692307696
1520,-16.0,28,1,1,0.42857142857142855,0.03571428571428571
1521,-14.0,26,1,1,0.46153846153846156,0.038461538461538464
1522,11.0,10,1,0,1.0,0.0
1523,-3.0,15,1,1,0.8,0.06666666666666667
1524,-96.0,63,1,6,0.19047619047619047,0.09523809523809523
1525,-121.0,70,1,8,0.17142857142857143,0.11428571428571428
1526,-71.0,56,1,4,0.21428571428571427,0.07142857142857142
1527,-194.0,143,1,8,0.08391608391608392,0.055944055944055944
1528,-51.0,72,1,0,0.16666666666666666,0.0
1529,13.0,8,1,0,1.0,0.0
1530,-38.0,50,1,1,0.24,0.02
1531,-47.0,41,1,3,0.2926829268292683,0.07317073170731707
1532,2.0,10,1,1,1.0,0.1
1533,15.0,6,1,0,1.0,0.0
1534,-62.0,47,1,4,0.2553191489361702,0.0851063829787234
1535,-57.0,51,1,3,0.23529411764705882,0.058823529411764705
1536,-195.0,153,1,7,0.0784313725490196,0.0457516339869281
1537,13.0,8,1,0,1.0,0.0
1538,-131.0,89,1,7,0.1348314606741573,0.07865168539325842
1539,-203.0,161,1,7,0.07453416149068323,0.043478260869565216
1540,7.0,14,1,0,0.8571428571428571,0.0
1541,12.0,9,1,0,1.0,0.0
1542,-5.0,17,1,1,0.7058823529411765,0.058823529411764705
1543,-9.0,30,1,0,0.4,0.0
1544,-2.0,23,1,0,0.5217391304347826,0.0
1545,-90.0,57,1,6,0.21052631578947367,0.10526315789473684
1546,-26.0,29,1,2,0.41379310344827586,0.06896551724137931
1547,-12.0,33,1,0,0.36363636363636365,0.0
1548,-215.0,173,1,7,0.06936416184971098,0.04046242774566474
1549,-105.0,108,1,2,0.1111111111111111,0.018518518518518517
1550,11.0,10,1,0,1.0,0.0
1551,-3.0,15,1,1,0.8,0.06666666666666667
1552,-13.0,34,1,0,0.35294117647058826,0.0
1553,-19.0,22,1,2,0.5454545454545454,0.09090909090909091
1554,-27.0,30,1,2,0.4,0.06666666666666667
1555,-134.0,119,1,4,0.10084033613445378,0.03361344537815126
1556,-15.0,36,1,0,0.3333333333333333,0.0
1557,-17.0,38,1,0,0.3157894736842105,0.0
1558,-8.0,20,1,1,0.6,0.05
1559,-308.0,200,0,12,0.06,0.06
1560,-68.0,71,1,2,0.16901408450704225,0.028169014084507043
1561,12.0,9,1,0,1.0,0.0
1562,-187.0,136,1,8,0.08823529411764706,0.058823529411764705
1563,-130.0,106,1,5,0.11320754716981132,0.04716981132075472
1564,10.0,11,1,0,1.0,0.0
1565,10.0,11,1,0,1.0,0.0
1566,-17.0,29,1,1,0.41379310344827586,0.034482758620689655
1567,-58.0,79,1,0,0.1518987341772152,0.0
1568,-20.0,23,1,2,0.5217391304347826,0.08695652173913043
1569,-7.0,19,1,1,0.631578947368421,0.05263157894736842
1570,15.0,6,1,0,1.0,0.0
1571,8.0,13,1,0,0.9230769230769231,0.0
1572,-17.0,29,1,1,0.41379310344827586,0.034482758620689655
1573,-169.0,136,1,6,0.08823529411764706,0.04411764705882353
1574,-60.0,54,1,3,0.2222222222222222,0.05555555555555555
1575,-99.0,75,1,5,0.16,0.06666666666666667
1576,-108.0,93,1,4,0.12903225806451613,0.043010752688172046
1577,2.0,19,1,0,0.631578947368421,0.0
1578,-6.0,18,1,1,0.6666666666666666,0.05555555555555555
1579,-290.0,200,0,10,0.06,0.05
1580,-143.0,119,1,5,0.10084033613445378,0.04201680672268908
1581,-2.0,23,1,0,0.5217391304347826,0.0
1582,-197.0,164,1,6,0.07317073170731707,0.036585365853658534
1583,-86.0,71,1,4,0.16901408450704225,0.056338028169014086
1584,-254.0,200,0,6,0.06,0.03
1585,-308.0,200,0,12,0.06,0.06
1586,-33.0,36,1,2,0.3333333333333333,0.05555555555555555
1587,9.0,12,1,0,1.0,0.0
1588,7.0,14,1,0,0.8571428571428571,0.0
1589,3.0,9,1,1,1.0,0.1111111111111111
1590,-63.0,66,1,2,0.18181818181818182,0.030303030303030304
1591,-5.0,17,1,1,0.7058823529411765,0.058823529411764705
1592,-148.0,115,1,6,0.10434782608695652,0.05217391304347826
1593,-67.0,52,1,4,0.23076923076923078,0.07692307692307693
1594,-56.0,59,1,2,0.2033898305084746,0.03389830508474576
1595,11.0,10,1,0,1.0,0.0
1596,2.0,10,1,1,1.0,0.1
1597,0.0,12,1,1,1.0,0.08333333333333333
1598,13.0,8,1,0,1.0,0.0
1599,-21.0,24,1,2,0.5,0.08333333333333333
1600,-66.0,69,1,2,0.17391304347826086,0.028985507246376812
1601,-10.0,22,1,1,0.5454545454545454,0.045454545454545456
1602,-93.0,60,1,6,0.2,0.1
1603,11.0,10,1,0,1.0,0.0
1604,-35.0,29,1,3,0.41379310344827586,0.10344827586206896
1605,-145.0,103,1,7,0.11650485436893204,0.06796116504854369
1606,-190.0,148,1,7,0.08108108108108109,0.0472972972972973
1607,8.0,13,1,0,0.9230769230769231,0.0
1608,11.0,10,1,0,1.0,0.0
1609,-1.0,13,1,1,0.9230769230769231,0.07692307692307693
1610,-201.0,150,1,8,0.08,0.05333333333333334
1611,0.0,12,1,1,1.0,0.08333333333333333
1612,-25.0,37,1,1,0.32432432432432434,0.02702702702702703
1613,-35.0,38,1,2,0.3157894736842105,0.05263157894736842
1614,-41.0,44,1,2,0.2727272727272727,0.045454545454545456
1615,-41.0,44,1,2,0.2727272727272727,0.045454545454545456
1616,-256.0,169,1,12,0.07100591715976332,0.07100591715976332
1617,11.0,10,1,0,1.0,0.0
1618,-12.0,24,1,1,0.5,0.041666666666666664
1619,11.0,10,1,0,1.0,0.0
1620,-5.0,26,1,0,0.46153846153846156,0.0
1621,1.0,20,1,0,0.6,0.0
1622,-47.0,50,1,2,0.24,0.04
1623,-27.0,30,1,2,0.4,0.06666666666666667
1624,-5.0,26,1,0,0.46153846153846156,0.0
1625,-12.0,33,1,0,0.36363636363636365,0.0
1626,-27.0,30,1,2,0.4,0.06666666666666667
1627,8.0,13,1,0,0.9230769230769231,0.0
1628,6.0,15,1,0,0.8,0.0
1629,-23.0,35,1,1,0.34285714285714286,0.02857142857142857
1630,-151.0,118,1,6,0.1016949152542373,0.05084745762711865
1631,-42.0,45,1,2,0.26666666666666666,0.044444444444444446
1632,-20.0,32,1,1,0.375,0.03125
1633,-3.0,15,1,1,0.8,0.06666666666666667
1634,-26.0,38,1,1,0.3157894736842105,0.02631578947368421
1635,-23.0,35,1,1,0.34285714285714286,0.02857142857142857
1636,-46.0,40,1,3,0.3,0.075
1637,-38.0,41,1,2,0.2926829268292683,0.04878048780487805
1638,-11.0,23,1,1,0.5217391304347826,0.043478260869565216
1639,-11.0,32,1,0,0.375,0.0
1640,12.0,9,1,0,1.0,0.0
1641,9.0,12,1,0,1.0,0.0
1642,-124.0,109,1,4,0.11009174311926606,0.03669724770642202
1643,10.0,11,1,0,1.0,0.0
1644,11.0,10,1,0,1.0,0.0
1645,-55.0,40,1,4,0.3,0.1
1646,10.0,11,1,0,1.0,0.0
1647,-92.0,95,1,2,0.12631578947368421,0.021052631578947368
1648,12.0,9,1,0,1.0,0.0
1649,9.0,12,1,0,1.0,0.0
1650,-62.0,56,1,3,0.21428571428571427,0.05357142857142857
1651,-1.0,22,1,0,0.5454545454545454,0.0
1652,-97.0,82,1,4,0.14634146341463414,0.04878048780487805
1653,-19.0,31,1,1,0.3870967741935484,0.03225806451612903
1654,-254.0,200,0,6,0.06,0.03
1655,-145.0,139,1,3,0.08633093525179857,0.02158273381294964
1656,0.0,21,1,0,0.5714285714285714,0.0
1657,-10.0,22,1,1,0.5454545454545454,0.045454545454545456
1658,-29.0,41,1,1,0.2926829268292683,0.024390243902439025
1659,-68.0,53,1,4,0.22641509433962265,0.07547169811320754
1660,-166.0,106,1,9,0.11320754716981132,0.08490566037735849
1661,-24.0,36,1,1,0.3333333333333333,0.027777777777777776
1662,-178.0,136,1,7,0.08823529411764706,0.051470588235294115
1663,13.0,8,1,0,1.0,0.0
1664,11.0,10,1,0,1.0,0.0
1665,-178.0,127,1,8,0.09448818897637795,0.06299212598425197
1666,-9.0,30,1,0,0.4,0.0
1667,-142.0,127,1,4,0.09448818897637795,0.031496062992125984
1668,-192.0,150,1,7,0.08,0.04666666666666667
1669,-33.0,45,1,1,0.26666666666666666,0.022222222222222223
1670,-82.0,76,1,3,0.15789473684210525,0.039473684210526314
1671,-117.0,84,1,6,0.14285714285714285,0.07142857142857142
1672,-307.0,184,1,16,0.06521739130434782,0.08695652173913043
1673,-74.0,59,1,4,0.2033898305084746,0.06779661016949153
1674,-79.0,73,1,3,0.1643835616438356,0.0410958904109589
1675,-4.0,25,1,0,0.48,0.0
1676,-9.0,12,1,2,1.0,0.16666666666666666
1677,-2.0,23,1,0,0.5217391304347826,0.0
1678,11.0,10,1,0,1.0,0.0
1679,-163.0,130,1,6,0.09230769230769231,0.046153846153846156
1680,-94.0,88,1,3,0.13636363636363635,0.03409090909090909
1681,-49.0,61,1,1,0.19672131147540983,0.01639344262295082
1682,-280.0,166,1,15,0.07228915662650602,0.09036144578313253
1683,-1.0,22,1,0,0.5454545454545454,0.0
1684,-62.0,65,1,2,0.18461538461538463,0.03076923076923077
1685,-90.0,57,1,6,0.21052631578947367,0.10526315789473684
1686,-25.0,37,1,1,0.32432432432432434,0.02702702702702703
1687,-34.0,46,1,1,0.2608695652173913,0.021739130434782608
1688,9.0,12,1,0,1.0,0.0
1689,-3.0,15,1,1,0.8,0.06666666666666667
1690,-245.0,200,0,5,0.06,0.025
1691,10.0,11,1,0,1.0,0.0
1692,8.0,13,1,0,0.9230769230769231,0.0
1693,14.0,7,1,0,1.0,0.0
1694,-10.0,31,1,0,0.3870967741935484,0.0
1695,-56.0,59,1,2,0.2033898305084746,0.03389830508474576
1696,-203.0,107,1,13,0.11214953271028037,0.12149532710280374
1697,-160.0,127,1,6,0.09448818897637795,0.047244094488188976
1698,-8.0,20,1,1,0.6,0.05
1699,4.0,17,1,0,0.7058823529411765,0.0
1700,-94.0,88,1,3,0.13636363636363635,0.03409090909090909
1701,-45.0,48,1,2,0.25,0.041666666666666664
1702,-223.0,118,1,14,0.1016949152542373,0.11864406779661017
1703,-13.0,34,1,0,0.35294117647058826,0.0
1704,-52.0,55,1,2,0.21818181818181817,0.03636363636363636
1705,-65.0,68,1,2,0.17647058823529413,0.029411764705882353
1706,-47.0,32,1,4,0.375,0.125
1707,-200.0,167,1,6,0.0718562874251497,0.03592814371257485
1708,-13.0,34,1,0,0.35294117647058826,0.0
1709,-286.0,172,1,15,0.06976744186046512,0.0872093023255814
1710,-13.0,25,1,1,0.48,0.04
1711,-167.0,134,1,6,0.08955223880597014,0.04477611940298507
1712,-14.0,26,1,1,0.46153846153846156,0.038461538461538464
1713,-19.0,31,1,1,0.3870967741935484,0.03225806451612903
1714,15.0,6,1,0,1.0,0.0
1715,9.0,12,1,0,1.0,0.0
1716,11.0,10,1,0,1.0,0.0
1717,-75.0,87,1,1,0.13793103448275862,0.011494252873563218
1718,0.0,12,1,1,1.0,0.08333333333333333
1719,6.0,15,1,0,0.8,0.0
1720,-128.0,104,1,5,0.11538461538461539,0.04807692307692308
1721,-19.0,40,1,0,0.3,0.0
1722,-22.0,34,1,1,0.35294117647058826,0.029411764705882353
1723,-51.0,54,1,2,0.2222222222222222,0.037037037037037035
1724,1.0,20,1,0,0.6,0.0
1725,-294.0,198,1,13,0.06060606060606061,0.06565656565656566
1726,-254.0,200,0,6,0.06,0.03
1727,-90.0,93,1,2,0.12903225806451613,0.021505376344086023
1728,-18.0,39,1,0,0.3076923076923077,0.0
1729,-158.0,98,1,9,0.12244897959183673,0.09183673469387756
1730,-8.0,20,1,1,0.6,0.05
1731,-96.0,72,1,5,0.16666666666666666,0.06944444444444445
1732,-2.0,23,1,0,0.5217391304347826,0.0
1733,-48.0,42,1,3,0.2857142857142857,0.07142857142857142
1734,-8.0,20,1,1,0.6,0.05
1735,-24.0,27,1,2,0.4444444444444444,0.07407407407407407
1736,-96.0,90,1,3,0.13333333333333333,0.03333333333333333
1737,3.0,18,1,0,0.6666666666666666,0.0
1738,0.0,12,1,1,1.0,0.08333333333333333
1739,5.0,16,1,0,0.75,0.0
1740,11.0,10,1,0,1.0,0.0
1741,-2.0,14,1,1,0.8571428571428571,0.07142857142857142
1742,-44.0,56,1,1,0.21428571428571427,0.017857142857142856
1743,0.0,12,1,1,1.0,0.08333333333333333
1744,-5.0,26,1,0,0.46153846153846156,0.0
1745,-27.0,39,1,1,0.3076923076923077,0.02564102564102564
1746,-398.0,200,0,22,0.06,0.11
1747,-1.0,22,1,0,0.5454545454545454,0.0
1748,-15.0,36,1,0,0.3333333333333333,0.0
1749,-66.0,69,1,2,0.17391304347826086,0.028985507246376812
1750,-281.0,200,0,9,0.06,0.045
1751,-2.0,23,1,0,0.5217391304347826,0.0
1752,-3.0,24,1,0,0.5,0.0
1753,-8.0,29,1,0,0.41379310344827586,0.0
1754,-62.0,74,1,1,0.16216216216216217,0.013513513513513514
1755,-26.0,47,1,0,0.2553191489361702,0.0
1756,-139.0,124,1,4,0.0967741935483871,0.03225806451612903
1757,-66.0,69,1,2,0.17391304347826086,0.028985507246376812
1758,-46.0,58,1,1,0.20689655172413793,0.017241379310344827
1759,-31.0,43,1,1,0.27906976744186046,0.023255813953488372
1760,-47.0,32,1,4,0.375,0.125
1761,-81.0,75,1,3,0.16,0.04
1762,3.0,18,1,0,0.6666666666666666,0.0
1763,-49.0,43,1,3,0.27906976744186046,0.06976744186046512
1764,-31.0,34,1,2,0.35294117647058826,0.058823529411764705
1765,2.0,10,1,1,1.0,0.1
1766,10.0,11,1,0,1.0,0.0
1767,-113.0,71,1,7,0.16901408450704225,0.09859154929577464
1768,-123.0,108,1,4,0.1111111111111111,0.037037037037037035
1769,-2.0,14,1,1,0.8571428571428571,0.07142857142857142
1770,-83.0,68,1,4,0.17647058823529413,0.058823529411764705
1771,-4.0,25,1,0,0.48,0.0
1772,-179.0,164,1,4,0.07317073170731707,0.024390243902439025
1773,-36.0,30,1,3,0.4,0.1
1774,-165.0,105,1,9,0.11428571428571428,0.08571428571428572
1775,3.0,18,1,0,0.6666666666666666,0.0
1776,-17.0,29,1,1,0.41379310344827586,0.034482758620689655
1777,-32.0,53,1,0,0.22641509433962265,0.0
1778,8.0,13,1,0,0.9230769230769231,0.0
1779,-14.0,17,1,2,0.7058823529411765,0.11764705882352941
1780,-52.0,46,1,3,0.2608695652173913,0.06521739130434782
1781,13.0,8,1,0,1.0,0.0
1782,-4.0,16,1,1,0.75,0.0625
1783,7.0,14,1,0,0.8571428571428571,0.0
1784,-4.0,25,1,0,0.48,0.0
1785,-61.0,64,1,2,0.1875,0.03125
1786,9.0,12,1,0,1.0,0.0
1787,-3.0,15,1,1,0.8,0.06666666666666667
1788,-6.0,18,1,1,0.6666666666666666,0.05555555555555555
1789,-14.0,26,1,1,0.46153846153846156,0.038461538461538464
1790,9.0,12,1,0,1.0,0.0
1791,-69.0,63,1,3,0.19047619047619047,0.047619047619047616
1792,-38.0,32,1,3,0.375,0.09375
1793,-8.0,20,1,1,0.6,0.05
1794,-20.0,32,1,1,0.375,0.03125
1795,2.0,10,1,1,1.0,0.1
1796,2.0,10,1,1,1.0,0.1
1797,-46.0,67,1,0,0.1791044776119403,0.0
1798,-112.0,106,1,3,0.11320754716981132,0.02830188679245283
1799,9.0,12,1,0,1.0,0.0
1800,-1.0,13,1,1,0.9230769230769231,0.07692307692307693
1801,-53.0,47,1,3,0.2553191489361702,0.06382978723404255
1802,4.0,8,1,1,1.0,0.125
1803,11.0,10,1,0,1.0,0.0
1804,-56.0,59,1,2,0.2033898305084746,0.03389830508474576
1805,-26.0,47,1,0,0.2553191489361702,0.0
1806,-8.0,29,1,0,0.41379310344827586,0.0
1807,-121.0,106,1,4,0.11320754716981132,0.03773584905660377
1808,-12.0,15,1,2,0.8,0.13333333333333333
1809,-19.0,40,1,0,0.3,0.0
1810,3.0,18,1,0,0.6666666666666666,0.0
1811,-4.0,25,1,0,0.48,0.0
1812,-63.0,48,1,4,0.25,0.08333333333333333
1813,4.0,17,1,0,0.7058823529411765,0.0
1814,-191.0,131,1,9,0.0916030534351145,0.06870229007633588
1815,-61.0,46,1,4,0.2608695652173913,0.08695652173913043
1816,-41.0,35,1,3,0.34285714285714286,0.08571428571428572
1817,-263.0,200,0,7,0.06,0.035
1818,-8.0,20,1,1,0.6,0.05
1819,1.0,11,1,1,1.0,0.09090909090909091
1820,14.0,7,1,0,1.0,0.0
1821,5.0,16,1,0,0.75,0.0
1822,-39.0,42,1,2,0.2857142857142857,0.047619047619047616
1823,-199.0,103,1,13,0.11650485436893204,0.1262135922330097
1824,0.0,12,1,1,1.0,0.08333333333333333
1825,-39.0,42,1,2,0.2857142857142857,0.047619047619047616
1826,-83.0,59,1,5,0.2033898305084746,0.0847457627118644
1827,-83.0,68,1,4,0.17647058823529413,0.058823529411764705
1828,6.0,15,1,0,0.8,0.0
1829,-4.0,25,1,0,0.48,0.0
1830,-19.0,22,1,2,0.5454545454545454,0.09090909090909091
1831,-97.0,82,1,4,0.14634146341463414,0.04878048780487805
1832,-3.0,24,1,0,0.5,0.0
1833,-326.0,200,0,14,0.06,0.07
1834,-6.0,18,1,1,0.6666666666666666,0.05555555555555555
1835,-12.0,15,1,2,0.8,0.13333333333333333
1836,-28.0,40,1,1,0.3,0.025
1837,8.0,13,1,0,0.9230769230769231,0.0
1838,-79.0,64,1,4,0.1875,0.0625
1839,-47.0,59,1,1,0.2033898305084746,0.01694915254237288
1840,-2.0,14,1,1,0.8571428571428571,0.07142857142857142
1841,-178.0,118,1,9,0.1016949152542373,0.07627118644067797
1842,12.0,9,1,0,1.0,0.0
1843,-10.0,31,1,0,0.3870967741935484,0.0
1844,-18.0,30,1,1,0.4,0.03333333333333333
1845,-33.0,36,1,2,0.3333333333333333,0.05555555555555555
1846,-113.0,62,1,8,0.1935483870967742,0.12903225806451613
1847,-11.0,32,1,0,0.375,0.0
1848,7.0,14,1,0,0.8571428571428571,0.0
1849,9.0,12,1,0,1.0,0.0
1850,7.0,14,1,0,0.8571428571428571,0.0
1851,2.0,10,1,1,1.0,0.1
1852,-56.0,59,1,2,0.2033898305084746,0.03389830508474576
1853,-10.0,22,1,1,0.5454545454545454,0.045454545454545456
1854,10.0,11,1,0,1.0,0.0
1855,12.0,9,1,0,1.0,0.0
1856,-9.0,30,1,0,0.4,0.0
1857,-3.0,24,1,0,0.5,0.0
1858,-74.0,86,1,1,0.13953488372093023,0.011627906976744186
1859,-66.0,60,1,3,0.2,0.05
1860,-52.0,46,1,3,0.2608695652173913,0.06521739130434782
1861,5.0,16,1,0,0.75,0.0
1862,-133.0,109,1,5,0.11009174311926606,0.045871559633027525
1863,4.0,17,1,0,0.7058823529411765,0.0
1864,-40.0,52,1,1,0.23076923076923078,0.019230769230769232
1865,-211.0,151,1,9,0.07947019867549669,0.059602649006622516
1866,6.0,15,1,0,0.8,0.0
1867,-6.0,18,1,1,0.6666666666666666,0.05555555555555555
1868,-44.0,38,1,3,0.3157894736842105,0.07894736842105263
1869,-94.0,97,1,2,0.12371134020618557,0.020618556701030927
1870,3.0,18,1,0,0.6666666666666666,0.0
1871,-31.0,43,1,1,0.27906976744186046,0.023255813953488372
1872,-21.0,33,1,1,0.36363636363636365,0.030303030303030304
1873,-59.0,53,1,3,0.22641509433962265,0.05660377358490566
1874,-2.0,14,1,1,0.8571428571428571,0.07142857142857142
1875,11.0,10,1,0,1.0,0.0
1876,-87.0,63,1,5,0.19047619047619047,0.07936507936507936
1877,-77.0,62,1,4,0.1935483870967742,0.06451612903225806
1878,11.0,10,1,0,1.0,0.0
1879,-3.0,24,1,0,0.5,0.0
1880,-83.0,68,1,4,0.17647058823529413,0.058823529411764705
1881,10.0,11,1,0,1.0,0.0
1882,6.0,15,1,0,0.8,0.0
1883,-13.0,34,1,0,0.35294117647058826,0.0
1884,-171.0,138,1,6,0.08695652173913043,0.043478260869565216
1885,-83.0,86,1,2,0.13953488372093023,0.023255813953488372
1886,-65.0,32,1,6,0.375,0.1875
1887,-73.0,85,1,1,0.1411764705882353,0.011764705882352941
1888,-13.0,25,1,1,0.48,0.04
1889,-143.0,128,1,4,0.09375,0.03125
1890,2.0,10,1,1,1.0,0.1
1891,-5.0,17,1,1,0.7058823529411765,0.058823529411764705
1892,-267.0,180,1,12,0.06666666666666667,0.06666666666666667
1893,7.0,14,1,0,0.8571428571428571,0.0
1894,9.0,12,1,0,1.0,0.0
1895,-38.0,32,1,3,0.375,0.09375
1896,6.0,15,1,0,0.8,0.0
1897,-40.0,52,1,1,0.23076923076923078,0.019230769230769232
1898,7.0,14,1,0,0.8571428571428571,0.0
1899,11.0,10,1,0,1.0,0.0
1900,3.0,18,1,0,0.6666666666666666,0.0
1901,-335.0,200,0,15,0.06,0.075
1902,-5.0,17,1,1,0.7058823529411765,0.058823529411764705
1903,-29.0,50,1,0,0.24,0.0
1904,-246.0,168,1,11,0.07142857142857142,0.06547619047619048
1905,-4.0,25,1,0,0.48,0.0
1906,-37.0,49,1,1,0.24489795918367346,0.02040816326530612
1907,-152.0,119,1,6,0.10084033613445378,0.05042016806722689
1908,-125.0,128,1,2,0.09375,0.015625
1909,-2.0,23,1,0,0.5217391304347826,0.0
1910,0.0,21,1,0,0.5714285714285714,0.0
1911,-13.0,25,1,1,0.48,0.04
1912,-6.0,18,1,1,0.6666666666666666,0.05555555555555555
1913,10.0,11,1,0,1.0,0.0
1914,-3.0,24,1,0,0.5,0.0
1915,-41.0,53,1,1,0.22641509433962265,0.018867924528301886
1916,-142.0,136,1,3,0.08823529411764706,0.022058823529411766
1917,10.0,11,1,0,1.0,0.0
1918,-14.0,17,1,2,0.7058823529411765,0.11764705882352941
1919,12.0,9,1,0,1.0,0.0
1920,-193.0,169,1,5,0.07100591715976332,0.029585798816568046
1921,-98.0,65,1,6,0.18461538461538463,0.09230769230769231
1922,-49.0,61,1,1,0.19672131147540983,0.01639344262295082
1923,13.0,8,1,0,1.0,0.0
1924,-228.0,159,1,10,0.07547169811320754,0.06289308176100629
1925,-77.0,80,1,2,0.15,0.025
1926,-29.0,41,1,1,0.2926829268292683,0.024390243902439025
1927,-79.0,91,1,1,0.13186813186813187,0.01098901098901099
1928,-29.0,41,1,1,0.2926829268292683,0.024390243902439025
1929,-60.0,72,1,1,0.16666666666666666,0.013888888888888888
1930,0.0,12,1,1,1.0,0.08333333333333333
1931,-30.0,42,1,1,0.2857142857142857,0.023809523809523808
1932,-1.0,13,1,1,0.9230769230769231,0.07692307692307693
1933,-43.0,55,1,1,0.21818181818181817,0.01818181818181818
1934,5.0,16,1,0,0.75,0.0
1935,-36.0,39,1,2,0.3076923076923077,0.05128205128205128
1936,-26.0,47,1,0,0.2553191489361702,0.0
1937,-147.0,96,1,8,0.125,0.08333333333333333
1938,-123.0,117,1,3,0.10256410256410256,0.02564102564102564
1939,-24.0,36,1,1,0.3333333333333333,0.027777777777777776
1940,-27.0,30,1,2,0.4,0.06666666666666667
1941,-34.0,46,1,1,0.2608695652173913,0.021739130434782608
1942,6.0,15,1,0,0.8,0.0
1943,-32.0,44,1,1,0.2727272727272727,0.022727272727272728
1944,11.0,10,1,0,1.0,0.0
1945,-4.0,16,1,1,0.75,0.0625
1946,-25.0,28,1,2,0.42857142857142855,0.07142857142857142
1947,-149.0,125,1,5,0.096,0.04
1948,-27.0,39,1,1,0.3076923076923077,0.02564102564102564
1949,-6.0,18,1,1,0.6666666666666666,0.05555555555555555
1950,3.0,18,1,0,0.6666666666666666,0.0
1951,11.0,10,1,0,1.0,0.0
1952,11.0,10,1,0,1.0,0.0
1953,-12.0,24,1,1,0.5,0.041666666666666664
1954,4.0,17,1,0,0.7058823529411765,0.0
1955,4.0,17,1,0,0.7058823529411765,0.0
1956,-17.0,20,1,2,0.6,0.1
1957,-43.0,46,1,2,0.2608695652173913,0.043478260869565216
1958,9.0,12,1,0,1.0,0.0
1959,9.0,12,1,0,1.0,0.0
1960,-52.0,46,1,3,0.2608695652173913,0.06521739130434782
1961,1.0,20,1,0,0.6,0.0
1962,-16.0,19,1,2,0.631578947368421,0.10526315789473684
1963,-174.0,96,1,11,0.125,0.11458333333333333
1964,-57.0,51,1,3,0.23529411764705882,0.058823529411764705
1965,6.0,15,1,0,0.8,0.0
1966,-25.0,28,1,2,0.42857142857142855,0.07142857142857142
1967,-9.0,30,1,0,0.4,0.0
1968,13.0,8,1,0,1.0,0.0
1969,-20.0,32,1,1,0.375,0.03125
1970,-30.0,33,1,2,0.36363636363636365,0.06060606060606061
1971,-17.0,20,1,2,0.6,0.1
1972,5.0,16,1,0,0.75,0.0
1973,-96.0,72,1,5,0.16666666666666666,0.06944444444444445
1974,-61.0,46,1,4,0.2608695652173913,0.08695652173913043
1975,-14.0,26,1,1,0.46153846153846156,0.038461538461538464
1976,6.0,15,1,0,0.8,0.0
1977,-299.0,200,0,11,0.06,0.055
1978,-6.0,18,1,1,0.6666666666666666,0.05555555555555555
1979,10.0,11,1,0,1.0,0.0
1980,-10.0,13,1,2,0.9230769230769231,0.15384615384615385
1981,-40.0,25,1,4,0.48,0.16
1982,-27.0,39,1,1,0.3076923076923077,0.02564102564102564
1983,13.0,8,1,0,1.0,0.0
1984,12.0,9,1,0,1.0,0.0
1985,12.0,9,1,0,1.0,0.0
1986,-74.0,68,1,3,0.17647058823529413,0.04411764705882353
1987,6.0,15,1,0,0.8,0.0
1988,-4.0,25,1,0,0.48,0.0
1989,-62.0,65,1,2,0.18461538461538463,0.03076923076923077
1990,9.0,12,1,0,1.0,0.0
1991,-8.0,20,1,1,0.6,0.05
1992,-144.0,93,1,8,0.12903225806451613,0.08602150537634409
1993,2.0,19,1,0,0.631578947368421,0.0
1994,3.0,18,1,0,0.6666666666666666,0.0
1995,-33.0,36,1,2,0.3333333333333333,0.05555555555555555
1996,-1.0,22,1,0,0.5454545454545454,0.0
1997,-19.0,40,1,0,0.3,0.0
1998,-7.0,28,1,0,0.42857142857142855,0.0
1999,12.0,9,1,0,1.0,0.0
